URL,Version,Status,OIDs,Name,Title,Descriptino,Used
http://example.org/CodeSystem/gen---countries-cs,0.1.0,draft,,GENCountriesCS,GEN - Countries,"","ValueSet/gen---countries-vs"
http://example.org/CodeSystem/mpox-cs-animal-status-cs,0.1.0,draft,,MPOXCSAnimalStatusCS,MPOX CS: Animal status,"","ValueSet/mpox-cs-animal-status-vs"
http://example.org/CodeSystem/mpox-cs-case-classification-crf-cs,0.1.0,draft,,MPOXCSCaseClassificationCRFCS,MPOX CS: Case classification (CRF),"","ValueSet/mpox-cs-case-classification-crf-vs"
http://example.org/CodeSystem/mpox-cs-clade-mpox-cs,0.1.0,draft,,MPOXCSCladeMpoxCS,MPOX CS: Clade Mpox,"","ValueSet/mpox-cs-clade-mpox-vs"
http://example.org/CodeSystem/mpox-cs-contact-frequency-cs,0.1.0,draft,,MPOXCSContactFrequencyCS,MPOX CS: Contact frequency,"","ValueSet/mpox-cs-contact-frequency-vs"
http://example.org/CodeSystem/mpox-cs-current-status-cs,0.1.0,draft,,MPOXCSCurrentStatusCS,MPOX CS: Current status,"","ValueSet/mpox-cs-current-status-vs"
http://example.org/CodeSystem/mpox-cs-gender-cs,0.1.0,draft,,MPOXCSGenderCS,MPOX CS: Gender,"","ValueSet/mpox-cs-gender-vs"
http://example.org/CodeSystem/mpox-cs-gender-sexual-partners-cs,0.1.0,draft,,MPOXCSGenderSexualPartnersCS,MPOX CS: Gender sexual partners,"","ValueSet/mpox-cs-gender-sexual-partners-vs"
http://example.org/CodeSystem/mpox-cs-hand-hygiene-ppe-cs,0.1.0,draft,,MPOXCSHandHygienePPECS,MPOX CS: Hand hygiene PPE,"","ValueSet/mpox-cs-hand-hygiene-ppe-vs"
http://example.org/CodeSystem/mpox-cs-hiv-status-assessment-cs,0.1.0,draft,,MPOXCSHIVStatusAssessmentCS,MPOX CS: HIV status assessment,"","ValueSet/mpox-cs-hiv-status-assessment-vs"
http://example.org/CodeSystem/mpox-cs-hiv-status-cs,0.1.0,draft,,MPOXCSHIVStatusCS,MPOX CS: HIV status,"","ValueSet/mpox-cs-hiv-status-vs"
http://example.org/CodeSystem/mpox-cs-immunosuppressed-status-cs,0.1.0,draft,,MPOXCSImmunosuppressedStatusCS,MPOX CS: Immunosuppressed status,"","ValueSet/mpox-cs-immunosuppressed-status-vs"
http://example.org/CodeSystem/mpox-cs-likely-mode-of-transmission-mpox-cs,0.1.0,draft,,MPOXCSLikelyModeOfTransmissionMpoxCS,MPOX CS: Likely mode of transmission (Mpox),"","ValueSet/mpox-cs-likely-mode-of-transmission-mpox-vs"
http://example.org/CodeSystem/mpox-cs-maximum-duration-encounters-cs,0.1.0,draft,,MPOXCSMaximumDurationEncountersCS,MPOX CS: Maximum duration encounters,"","ValueSet/mpox-cs-maximum-duration-encounters-vs"
http://example.org/CodeSystem/mpox-cs-outcome-disease-cs,0.1.0,draft,,MPOXCSOutcomeDiseaseCS,MPOX CS: Outcome disease,"","ValueSet/mpox-cs-outcome-disease-vs"
http://example.org/CodeSystem/mpox-cs-place-animal-contact-cs,0.1.0,draft,,MPOXCSPlaceAnimalContactCS,MPOX CS: Place animal contact,"","ValueSet/mpox-cs-place-animal-contact-vs"
http://example.org/CodeSystem/mpox-cs-ppe-used-during-exposure-cs,0.1.0,draft,,MPOXCSPPEUsedDuringExposureCS,MPOX CS: PPE used during exposure,"","ValueSet/mpox-cs-ppe-used-during-exposure-vs"
http://example.org/CodeSystem/mpox-cs-pregnancy-status-cs,0.1.0,draft,,MPOXCSPregnancyStatusCS,MPOX CS: Pregnancy status,"","ValueSet/mpox-cs-pregnancy-status-vs"
http://example.org/CodeSystem/mpox-cs-protected-sex-cs,0.1.0,draft,,MPOXCSProtectedSexCS,MPOX CS: Protected sex,"","ValueSet/mpox-cs-protected-sex-vs"
http://example.org/CodeSystem/mpox-cs-relationship-case-cs,0.1.0,draft,,MPOXCSRelationshipCaseCS,MPOX CS: Relationship case,"","ValueSet/mpox-cs-relationship-case-vs"
http://example.org/CodeSystem/mpox-cs-result-sample-cs,0.1.0,draft,,MPOXCSResultSampleCS,MPOX CS: Result sample,"","ValueSet/mpox-cs-result-sample-vs"
http://example.org/CodeSystem/mpox-cs-sex-cs,0.1.0,draft,,MPOXCSSexCS,MPOX CS: Sex,"","ValueSet/mpox-cs-sex-vs"
http://example.org/CodeSystem/mpox-cs-sexual-behavior-cs,0.1.0,draft,,MPOXCSSexualBehaviorCS,MPOX CS: Sexual behavior,"","ValueSet/mpox-cs-sexual-behavior-vs"
http://example.org/CodeSystem/mpox-cs-sexual-partner-last-3-months-cs,0.1.0,draft,,MPOXCSSexualPartnerLast3MonthsCS,MPOX CS: Sexual partner last 3 months,"","ValueSet/mpox-cs-sexual-partner-last-3-months-vs"
http://example.org/CodeSystem/mpox-cs-type-of-animal-cs,0.1.0,draft,,MPOXCSTypeOfAnimalCS,MPOX CS: Type of animal,"","ValueSet/mpox-cs-type-of-animal-vs"
http://example.org/CodeSystem/mpox-cs-type-of-contact-forward-tracing-cs,0.1.0,draft,,MPOXCSTypeOfContactForwardTracingCS,MPOX CS: Type of contact (forward tracing),"","ValueSet/mpox-cs-type-of-contact-forward-tracing-vs"
http://example.org/CodeSystem/mpox-cs-vaccination-current-event-cs,0.1.0,draft,,MPOXCSVaccinationCurrentEventCS,MPOX CS: Vaccination current event,"","ValueSet/mpox-cs-vaccination-current-event-vs"
http://example.org/CodeSystem/mpox-cs-vaccine-brand-cs,0.1.0,draft,,MPOXCSVaccineBrandCS,MPOX CS: Vaccine brand,"","ValueSet/mpox-cs-vaccine-brand-vs"
http://example.org/CodeSystem/mpox-cs-vaccine-doses-cs,0.1.0,draft,,MPOXCSVaccineDosesCS,MPOX CS: Vaccine doses,"","ValueSet/mpox-cs-vaccine-doses-vs"
http://example.org/CodeSystem/mpox-cs-viral-load-cs,0.1.0,draft,,MPOXCSViralLoadCS,MPOX CS: Viral load,"","ValueSet/mpox-cs-viral-load-vs"
http://example.org/CodeSystem/mpox-cs-yes-no-unknown-cs,0.1.0,draft,,MPOXCSYesNoUnknownCS,MPOX CS: Yes/No/Unknown,"","ValueSet/mpox-cs-yes-no-unknown-vs"
http://hl7.org/fhir/administrative-gender,4.0.1,active,"2.16.840.1.113883.4.642.4.2",AdministrativeGender,AdministrativeGender,"The gender of a person used for administrative purposes.","ValueSet/administrative-gender"
http://hl7.org/fhir/link-type,4.0.1,active,"2.16.840.1.113883.4.642.4.424",LinkType,LinkType,"The type of link between this patient resource and another patient resource.","ValueSet/link-type"
http://terminology.hl7.org/CodeSystem/v2-0131,2.0.0,active,"2.16.840.1.113883.18.58",ContactRole2,contactRole2,"Code system of concepts which specify a relationship role that the next of kin/associated parties plays with regard to the patient. Also used in referrals, for example, it may be necessary to identify the contact representative at the clinic that sent a referral. Used in HL7 Version 2 messaging in the NK1 and CTD segments after 2.5, when it replace 2.16.840.1.113883.18.57.","ValueSet/patient-contactrelationship"
http://terminology.hl7.org/CodeSystem/v3-MaritalStatus,3.0.0,active,"2.16.840.1.113883.5.2",MaritalStatus,MaritalStatus,"\* \* \* No description supplied \* \* \*    *Open Issue:* The specific meanings of these codes can vary somewhat by jurisdiction and implementation so caution should be used when determining equivalency.    *Open Issue:* fixing and completion of the hierarchy and proper good definitions of all the concepts is badly needed.","ValueSet/marital-status"
http://terminology.hl7.org/CodeSystem/v3-NullFlavor,3.0.0,active,"2.16.840.1.113883.5.1008",NullFlavor,NullFlavor,"A collection of codes specifying why a valid value is not present.","ValueSet/marital-status"
urn:ietf:bcp:47,2.0.1,active,"2.16.840.1.113883.6.121",Ietf3066,Tags for the Identification of Languages,"Older value from OID registry.  Superceded; see recommendations in BCP-47.","ValueSet/languages"
