<?xml version="1.0" encoding="UTF-8"?>

<CodeSystem xmlns="http://hl7.org/fhir">
  <id value="mpox-cs-hand-hygiene-ppe-cs"/>
  <text>
    <status value="generated"/><div xmlns="http://www.w3.org/1999/xhtml"><p class="res-header-id"><b>Generated Narrative: CodeSystem mpox-cs-hand-hygiene-ppe-cs</b></p><a name="mpox-cs-hand-hygiene-ppe-cs"> </a><a name="hcmpox-cs-hand-hygiene-ppe-cs"> </a><a name="mpox-cs-hand-hygiene-ppe-cs-en-US"> </a><p>This  code system <code>http://example.org/CodeSystem/mpox-cs-hand-hygiene-ppe-cs</code> defines the following codes:</p><table class="codes"><tr><td style="white-space:nowrap"><b>Code</b></td><td><b>Display</b></td></tr><tr><td style="white-space:nowrap">YES<a name="mpox-cs-hand-hygiene-ppe-cs-YES"> </a></td><td>Yes</td></tr><tr><td style="white-space:nowrap">NO<a name="mpox-cs-hand-hygiene-ppe-cs-NO"> </a></td><td>No</td></tr><tr><td style="white-space:nowrap">DO_NOT_RECALL<a name="mpox-cs-hand-hygiene-ppe-cs-DO_NOT_RECALL"> </a></td><td>Do not recall</td></tr></table></div>
  </text>
  <url value="http://example.org/CodeSystem/mpox-cs-hand-hygiene-ppe-cs"/>
  <version value="0.1.0"/>
  <name value="MPOXCSHandHygienePPECS"/>
  <title value="MPOX CS: Hand hygiene PPE"/>
  <status value="draft"/>
  <date value="2024-10-04T08:16:56+00:00"/>
  <publisher value="DHIS2"/>
  <contact>
    <name value="DHIS2"/>
    <telecom>
      <system value="url"/>
      <value value="http://dhis2.org/"/>
    </telecom>
  </contact>
  <content value="complete"/>
  <count value="3"/>
  <concept>
    <code value="YES"/>
    <display value="Yes"/>
  </concept>
  <concept>
    <code value="NO"/>
    <display value="No"/>
  </concept>
  <concept>
    <code value="DO_NOT_RECALL"/>
    <display value="Do not recall"/>
  </concept>
</CodeSystem>