<?xml version="1.0" encoding="UTF-8"?>

<CodeSystem xmlns="http://hl7.org/fhir">
  <id value="mpox-cs-case-classification-crf-cs"/>
  <text>
    <status value="generated"/><div xmlns="http://www.w3.org/1999/xhtml"><p class="res-header-id"><b>Generated Narrative: CodeSystem mpox-cs-case-classification-crf-cs</b></p><a name="mpox-cs-case-classification-crf-cs"> </a><a name="hcmpox-cs-case-classification-crf-cs"> </a><a name="mpox-cs-case-classification-crf-cs-en-US"> </a><p>This  code system <code>http://example.org/CodeSystem/mpox-cs-case-classification-crf-cs</code> defines the following codes:</p><table class="codes"><tr><td style="white-space:nowrap"><b>Code</b></td><td><b>Display</b></td></tr><tr><td style="white-space:nowrap">CONFIRMED<a name="mpox-cs-case-classification-crf-cs-CONFIRMED"> </a></td><td>Confirmed</td></tr><tr><td style="white-space:nowrap">PROBABLE<a name="mpox-cs-case-classification-crf-cs-PROBABLE"> </a></td><td>Probable</td></tr><tr><td style="white-space:nowrap">SUSPECTED<a name="mpox-cs-case-classification-crf-cs-SUSPECTED"> </a></td><td>Suspected</td></tr><tr><td style="white-space:nowrap">UNKNOWN<a name="mpox-cs-case-classification-crf-cs-UNKNOWN"> </a></td><td>Unknown</td></tr></table></div>
  </text>
  <url value="http://example.org/CodeSystem/mpox-cs-case-classification-crf-cs"/>
  <version value="0.1.0"/>
  <name value="MPOXCSCaseClassificationCRFCS"/>
  <title value="MPOX CS: Case classification (CRF)"/>
  <status value="draft"/>
  <date value="2024-10-04T08:16:56+00:00"/>
  <publisher value="DHIS2"/>
  <contact>
    <name value="DHIS2"/>
    <telecom>
      <system value="url"/>
      <value value="http://dhis2.org/"/>
    </telecom>
  </contact>
  <content value="complete"/>
  <count value="4"/>
  <concept>
    <code value="CONFIRMED"/>
    <display value="Confirmed"/>
  </concept>
  <concept>
    <code value="PROBABLE"/>
    <display value="Probable"/>
  </concept>
  <concept>
    <code value="SUSPECTED"/>
    <display value="Suspected"/>
  </concept>
  <concept>
    <code value="UNKNOWN"/>
    <display value="Unknown"/>
  </concept>
</CodeSystem>