<?xml version="1.0" encoding="UTF-8"?>

<CodeSystem xmlns="http://hl7.org/fhir">
  <id value="mpox-cs-animal-status-cs"/>
  <text>
    <status value="generated"/><div xmlns="http://www.w3.org/1999/xhtml"><p class="res-header-id"><b>Generated Narrative: CodeSystem mpox-cs-animal-status-cs</b></p><a name="mpox-cs-animal-status-cs"> </a><a name="hcmpox-cs-animal-status-cs"> </a><a name="mpox-cs-animal-status-cs-en-US"> </a><p>This  code system <code>http://example.org/CodeSystem/mpox-cs-animal-status-cs</code> defines the following codes:</p><table class="codes"><tr><td style="white-space:nowrap"><b>Code</b></td><td><b>Display</b></td></tr><tr><td style="white-space:nowrap">ALIVE_NO_SIGN_DISEASE<a name="mpox-cs-animal-status-cs-ALIVE_NO_SIGN_DISEASE"> </a></td><td>Alive, with no apparent signs of disease</td></tr><tr><td style="white-space:nowrap">ALIVE_SIGN_DISEASE<a name="mpox-cs-animal-status-cs-ALIVE_SIGN_DISEASE"> </a></td><td>Alive, with signs of diseases</td></tr><tr><td style="white-space:nowrap">KILLED_DEAD<a name="mpox-cs-animal-status-cs-KILLED_DEAD"> </a></td><td>Killed/Dead</td></tr><tr><td style="white-space:nowrap">OTHER<a name="mpox-cs-animal-status-cs-OTHER"> </a></td><td>Other</td></tr></table></div>
  </text>
  <url value="http://example.org/CodeSystem/mpox-cs-animal-status-cs"/>
  <version value="0.1.0"/>
  <name value="MPOXCSAnimalStatusCS"/>
  <title value="MPOX CS: Animal status"/>
  <status value="draft"/>
  <date value="2024-10-04T08:16:56+00:00"/>
  <publisher value="DHIS2"/>
  <contact>
    <name value="DHIS2"/>
    <telecom>
      <system value="url"/>
      <value value="http://dhis2.org/"/>
    </telecom>
  </contact>
  <content value="complete"/>
  <count value="4"/>
  <concept>
    <code value="ALIVE_NO_SIGN_DISEASE"/>
    <display value="Alive, with no apparent signs of disease"/>
  </concept>
  <concept>
    <code value="ALIVE_SIGN_DISEASE"/>
    <display value="Alive, with signs of diseases"/>
  </concept>
  <concept>
    <code value="KILLED_DEAD"/>
    <display value="Killed/Dead"/>
  </concept>
  <concept>
    <code value="OTHER"/>
    <display value="Other"/>
  </concept>
</CodeSystem>