<?xml version="1.0" encoding="UTF-8"?>

<CodeSystem xmlns="http://hl7.org/fhir">
  <id value="mpox-cs-hiv-status-assessment-cs"/>
  <text>
    <status value="generated"/><div xmlns="http://www.w3.org/1999/xhtml"><p class="res-header-id"><b>Generated Narrative: CodeSystem mpox-cs-hiv-status-assessment-cs</b></p><a name="mpox-cs-hiv-status-assessment-cs"> </a><a name="hcmpox-cs-hiv-status-assessment-cs"> </a><a name="mpox-cs-hiv-status-assessment-cs-en-US"> </a><p>This  code system <code>http://example.org/CodeSystem/mpox-cs-hiv-status-assessment-cs</code> defines the following codes:</p><table class="codes"><tr><td style="white-space:nowrap"><b>Code</b></td><td><b>Display</b></td></tr><tr><td style="white-space:nowrap">SELF_REPORTED<a name="mpox-cs-hiv-status-assessment-cs-SELF_REPORTED"> </a></td><td>Self-reported</td></tr><tr><td style="white-space:nowrap">LABORATORY_CONFIRMED<a name="mpox-cs-hiv-status-assessment-cs-LABORATORY_CONFIRMED"> </a></td><td>Laboratory-confirmed</td></tr><tr><td style="white-space:nowrap">MEDICAL_RECORD<a name="mpox-cs-hiv-status-assessment-cs-MEDICAL_RECORD"> </a></td><td>Medical record</td></tr><tr><td style="white-space:nowrap">UNKNOWN<a name="mpox-cs-hiv-status-assessment-cs-UNKNOWN"> </a></td><td>Unknown</td></tr></table></div>
  </text>
  <url value="http://example.org/CodeSystem/mpox-cs-hiv-status-assessment-cs"/>
  <version value="0.1.0"/>
  <name value="MPOXCSHIVStatusAssessmentCS"/>
  <title value="MPOX CS: HIV status assessment"/>
  <status value="draft"/>
  <date value="2024-10-04T08:16:56+00:00"/>
  <publisher value="DHIS2"/>
  <contact>
    <name value="DHIS2"/>
    <telecom>
      <system value="url"/>
      <value value="http://dhis2.org/"/>
    </telecom>
  </contact>
  <content value="complete"/>
  <count value="4"/>
  <concept>
    <code value="SELF_REPORTED"/>
    <display value="Self-reported"/>
  </concept>
  <concept>
    <code value="LABORATORY_CONFIRMED"/>
    <display value="Laboratory-confirmed"/>
  </concept>
  <concept>
    <code value="MEDICAL_RECORD"/>
    <display value="Medical record"/>
  </concept>
  <concept>
    <code value="UNKNOWN"/>
    <display value="Unknown"/>
  </concept>
</CodeSystem>