<?xml version="1.0" encoding="UTF-8"?>

<CodeSystem xmlns="http://hl7.org/fhir">
  <id value="mpox-cs-current-status-cs"/>
  <text>
    <status value="generated"/><div xmlns="http://www.w3.org/1999/xhtml"><p class="res-header-id"><b>Generated Narrative: CodeSystem mpox-cs-current-status-cs</b></p><a name="mpox-cs-current-status-cs"> </a><a name="hcmpox-cs-current-status-cs"> </a><a name="mpox-cs-current-status-cs-en-US"> </a><p>This  code system <code>http://example.org/CodeSystem/mpox-cs-current-status-cs</code> defines the following codes:</p><table class="codes"><tr><td style="white-space:nowrap"><b>Code</b></td><td><b>Display</b></td></tr><tr><td style="white-space:nowrap">ALIVE<a name="mpox-cs-current-status-cs-ALIVE"> </a></td><td>Alive</td></tr><tr><td style="white-space:nowrap">DEAD<a name="mpox-cs-current-status-cs-DEAD"> </a></td><td>Dead</td></tr><tr><td style="white-space:nowrap">UNKNOWN_LOST_TO_FOLLOW_UP<a name="mpox-cs-current-status-cs-UNKNOWN_LOST_TO_FOLLOW_UP"> </a></td><td>Unknown/Lost to follow up</td></tr></table></div>
  </text>
  <url value="http://example.org/CodeSystem/mpox-cs-current-status-cs"/>
  <version value="0.1.0"/>
  <name value="MPOXCSCurrentStatusCS"/>
  <title value="MPOX CS: Current status"/>
  <status value="draft"/>
  <date value="2024-10-04T08:16:56+00:00"/>
  <publisher value="DHIS2"/>
  <contact>
    <name value="DHIS2"/>
    <telecom>
      <system value="url"/>
      <value value="http://dhis2.org/"/>
    </telecom>
  </contact>
  <content value="complete"/>
  <count value="3"/>
  <concept>
    <code value="ALIVE"/>
    <display value="Alive"/>
  </concept>
  <concept>
    <code value="DEAD"/>
    <display value="Dead"/>
  </concept>
  <concept>
    <code value="UNKNOWN_LOST_TO_FOLLOW_UP"/>
    <display value="Unknown/Lost to follow up"/>
  </concept>
</CodeSystem>