<?xml version="1.0" encoding="UTF-8"?>

<CodeSystem xmlns="http://hl7.org/fhir">
  <id value="mpox-cs-maximum-duration-encounters-cs"/>
  <text>
    <status value="generated"/><div xmlns="http://www.w3.org/1999/xhtml"><p class="res-header-id"><b>Generated Narrative: CodeSystem mpox-cs-maximum-duration-encounters-cs</b></p><a name="mpox-cs-maximum-duration-encounters-cs"> </a><a name="hcmpox-cs-maximum-duration-encounters-cs"> </a><a name="mpox-cs-maximum-duration-encounters-cs-en-US"> </a><p>This  code system <code>http://example.org/CodeSystem/mpox-cs-maximum-duration-encounters-cs</code> defines the following codes:</p><table class="codes"><tr><td style="white-space:nowrap"><b>Code</b></td><td><b>Display</b></td></tr><tr><td style="white-space:nowrap">LESS_5_MINS<a name="mpox-cs-maximum-duration-encounters-cs-LESS_5_MINS"> </a></td><td>&amp;lt;5 mins</td></tr><tr><td style="white-space:nowrap">5_15_MINS<a name="mpox-cs-maximum-duration-encounters-cs-5_15_MINS"> </a></td><td>5&amp;lt;15 mins</td></tr><tr><td style="white-space:nowrap">15_MINS_1_HOUR<a name="mpox-cs-maximum-duration-encounters-cs-15_MINS_1_HOUR"> </a></td><td>15mins &amp;lt;1h</td></tr><tr><td style="white-space:nowrap">1_4_HOUR<a name="mpox-cs-maximum-duration-encounters-cs-1_4_HOUR"> </a></td><td>1&amp;lt;4h</td></tr><tr><td style="white-space:nowrap">MORE_4_HOUR<a name="mpox-cs-maximum-duration-encounters-cs-MORE_4_HOUR"> </a></td><td>4h+</td></tr><tr><td style="white-space:nowrap">UNKNOWN<a name="mpox-cs-maximum-duration-encounters-cs-UNKNOWN"> </a></td><td>Unknown</td></tr></table></div>
  </text>
  <url value="http://example.org/CodeSystem/mpox-cs-maximum-duration-encounters-cs"/>
  <version value="0.1.0"/>
  <name value="MPOXCSMaximumDurationEncountersCS"/>
  <title value="MPOX CS: Maximum duration encounters"/>
  <status value="draft"/>
  <date value="2024-10-04T08:16:56+00:00"/>
  <publisher value="DHIS2"/>
  <contact>
    <name value="DHIS2"/>
    <telecom>
      <system value="url"/>
      <value value="http://dhis2.org/"/>
    </telecom>
  </contact>
  <content value="complete"/>
  <count value="6"/>
  <concept>
    <code value="LESS_5_MINS"/>
    <display value="&amp;lt;5 mins"/>
  </concept>
  <concept>
    <code value="5_15_MINS"/>
    <display value="5&amp;lt;15 mins"/>
  </concept>
  <concept>
    <code value="15_MINS_1_HOUR"/>
    <display value="15mins &amp;lt;1h"/>
  </concept>
  <concept>
    <code value="1_4_HOUR"/>
    <display value="1&amp;lt;4h"/>
  </concept>
  <concept>
    <code value="MORE_4_HOUR"/>
    <display value="4h+"/>
  </concept>
  <concept>
    <code value="UNKNOWN"/>
    <display value="Unknown"/>
  </concept>
</CodeSystem>