<?xml version="1.0" encoding="UTF-8"?><CodeSystem xmlns="http://hl7.org/fhir"><id value="mpox-cs-gender-sexual-partners-cs"/><text><status value="generated"/><div xmlns="http://www.w3.org/1999/xhtml"><p class="res-header-id"><b>Generated Narrative: CodeSystem mpox-cs-gender-sexual-partners-cs</b></p><a name="mpox-cs-gender-sexual-partners-cs"> </a><a name="hcmpox-cs-gender-sexual-partners-cs"> </a><a name="mpox-cs-gender-sexual-partners-cs-en-US"> </a><p>This  code system <code>http://example.org/CodeSystem/mpox-cs-gender-sexual-partners-cs</code> defines the following codes:</p><table class="codes"><tr><td style="white-space:nowrap"><b>Code</b></td><td><b>Display</b></td></tr><tr><td style="white-space:nowrap">ONLY_MEN<a name="mpox-cs-gender-sexual-partners-cs-ONLY_MEN"> </a></td><td>Only men</td></tr><tr><td style="white-space:nowrap">ONLY_WOMEN<a name="mpox-cs-gender-sexual-partners-cs-ONLY_WOMEN"> </a></td><td>Only women</td></tr><tr><td style="white-space:nowrap">BOTH_MEN_WOMEN<a name="mpox-cs-gender-sexual-partners-cs-BOTH_MEN_WOMEN"> </a></td><td>Both men and women</td></tr><tr><td style="white-space:nowrap">OTHER<a name="mpox-cs-gender-sexual-partners-cs-OTHER"> </a></td><td>Other</td></tr><tr><td style="white-space:nowrap">UNKNOWN<a name="mpox-cs-gender-sexual-partners-cs-UNKNOWN"> </a></td><td>Unknown</td></tr></table></div></text><url value="http://example.org/CodeSystem/mpox-cs-gender-sexual-partners-cs"/><version value="0.1.0"/><name value="MPOXCSGenderSexualPartnersCS"/><title value="MPOX CS: Gender sexual partners"/><status value="draft"/><date value="2024-10-04T08:16:56+00:00"/><publisher value="DHIS2"/><contact><name value="DHIS2"/><telecom><system value="url"/><value value="http://dhis2.org/"/></telecom></contact><content value="complete"/><count value="5"/><concept><code value="ONLY_MEN"/><display value="Only men"/></concept><concept><code value="ONLY_WOMEN"/><display value="Only women"/></concept><concept><code value="BOTH_MEN_WOMEN"/><display value="Both men and women"/></concept><concept><code value="OTHER"/><display value="Other"/></concept><concept><code value="UNKNOWN"/><display value="Unknown"/></concept></CodeSystem>