<?xml version="1.0" encoding="UTF-8"?><CodeSystem xmlns="http://hl7.org/fhir"><id value="mpox-cs-clade-mpox-cs"/><text><status value="generated"/><div xmlns="http://www.w3.org/1999/xhtml"><p class="res-header-id"><b>Generated Narrative: CodeSystem mpox-cs-clade-mpox-cs</b></p><a name="mpox-cs-clade-mpox-cs"> </a><a name="hcmpox-cs-clade-mpox-cs"> </a><a name="mpox-cs-clade-mpox-cs-en-US"> </a><p>This  code system <code>http://example.org/CodeSystem/mpox-cs-clade-mpox-cs</code> defines the following codes:</p><table class="codes"><tr><td style="white-space:nowrap"><b>Code</b></td><td><b>Display</b></td></tr><tr><td style="white-space:nowrap">CLADE_I_SUBCLADE_UNKNOWN<a name="mpox-cs-clade-mpox-cs-CLADE_I_SUBCLADE_UNKNOWN"> </a></td><td>Clade I (subclade unknown)</td></tr><tr><td style="white-space:nowrap">CLADE_II_SUBCLADE_UNKNOWN<a name="mpox-cs-clade-mpox-cs-CLADE_II_SUBCLADE_UNKNOWN"> </a></td><td>Clade II (subclade unknown)</td></tr><tr><td style="white-space:nowrap">CLADE_I_A<a name="mpox-cs-clade-mpox-cs-CLADE_I_A"> </a></td><td>Clade Ia</td></tr><tr><td style="white-space:nowrap">CLADE_I_B<a name="mpox-cs-clade-mpox-cs-CLADE_I_B"> </a></td><td>Clade Ib</td></tr><tr><td style="white-space:nowrap">CLADE_II_A<a name="mpox-cs-clade-mpox-cs-CLADE_II_A"> </a></td><td>Clade IIa</td></tr><tr><td style="white-space:nowrap">CLADE_II_B_LINEAGES_A<a name="mpox-cs-clade-mpox-cs-CLADE_II_B_LINEAGES_A"> </a></td><td>Clade IIb lineages A</td></tr><tr><td style="white-space:nowrap">CLADE_II_B_LINEAGES_B_1<a name="mpox-cs-clade-mpox-cs-CLADE_II_B_LINEAGES_B_1"> </a></td><td>Clade IIb lineages B.1</td></tr></table></div></text><url value="http://example.org/CodeSystem/mpox-cs-clade-mpox-cs"/><version value="0.1.0"/><name value="MPOXCSCladeMpoxCS"/><title value="MPOX CS: Clade Mpox"/><status value="draft"/><date value="2024-10-04T08:16:56+00:00"/><publisher value="DHIS2"/><contact><name value="DHIS2"/><telecom><system value="url"/><value value="http://dhis2.org/"/></telecom></contact><content value="complete"/><count value="7"/><concept><code value="CLADE_I_SUBCLADE_UNKNOWN"/><display value="Clade I (subclade unknown)"/></concept><concept><code value="CLADE_II_SUBCLADE_UNKNOWN"/><display value="Clade II (subclade unknown)"/></concept><concept><code value="CLADE_I_A"/><display value="Clade Ia"/></concept><concept><code value="CLADE_I_B"/><display value="Clade Ib"/></concept><concept><code value="CLADE_II_A"/><display value="Clade IIa"/></concept><concept><code value="CLADE_II_B_LINEAGES_A"/><display value="Clade IIb lineages A"/></concept><concept><code value="CLADE_II_B_LINEAGES_B_1"/><display value="Clade IIb lineages B.1"/></concept></CodeSystem>