<?xml version="1.0" encoding="UTF-8"?><ImplementationGuide xmlns="http://hl7.org/fhir"><id value="fhir.example"/><text><status value="generated"/><div xmlns="http://www.w3.org/1999/xhtml"><p class="res-header-id"><b>Generated Narrative: ImplementationGuide fhir.example</b></p><a name="fhir.example"> </a><a name="hcfhir.example"> </a><a name="fhir.example-en-US"> </a><h2>CIFIG</h2><p>The official URL for this implementation guide is: </p><pre>http://example.org/ImplementationGuide/fhir.example</pre></div></text><url value="http://example.org/ImplementationGuide/fhir.example"/><version value="0.1.0"/><name value="CIFIG"/><status value="draft"/><date value="2024-10-04T08:16:56+00:00"/><publisher value="DHIS2"/><contact><name value="DHIS2"/><telecom><system value="url"/><value value="http://dhis2.org/"/></telecom></contact><packageId value="fhir.example"/><license value="CC0-1.0"/><fhirVersion value="4.0.1"/><dependsOn id="hl7tx"><extension url="http://hl7.org/fhir/tools/StructureDefinition/implementationguide-dependency-comment"><valueMarkdown value="Automatically added as a dependency - all IGs depend on HL7 Terminology"/></extension><uri value="http://terminology.hl7.org/ImplementationGuide/hl7.terminology"/><packageId value="hl7.terminology.r4"/><version value="6.0.2"/></dependsOn><dependsOn id="hl7ext"><extension url="http://hl7.org/fhir/tools/StructureDefinition/implementationguide-dependency-comment"><valueMarkdown value="Automatically added as a dependency - all IGs depend on the HL7 Extension Pack"/></extension><uri value="http://hl7.org/fhir/extensions/ImplementationGuide/hl7.fhir.uv.extensions"/><packageId value="hl7.fhir.uv.extensions.r4"/><version value="5.1.0"/></dependsOn><definition><extension url="http://hl7.org/fhir/tools/StructureDefinition/ig-parameter"><extension url="code"><valueString value="copyrightyear"/></extension><extension url="value"><valueString value="2024+"/></extension></extension><extension url="http://hl7.org/fhir/tools/StructureDefinition/ig-parameter"><extension url="code"><valueString value="releaselabel"/></extension><extension url="value"><valueString value="ci-build"/></extension></extension><extension url="http://hl7.org/fhir/tools/StructureDefinition/ig-parameter"><extension url="code"><valueString value="autoload-resources"/></extension><extension url="value"><valueString value="true"/></extension></extension><extension url="http://hl7.org/fhir/tools/StructureDefinition/ig-parameter"><extension url="code"><valueString value="path-liquid"/></extension><extension url="value"><valueString value="template/liquid"/></extension></extension><extension url="http://hl7.org/fhir/tools/StructureDefinition/ig-parameter"><extension url="code"><valueString value="path-liquid"/></extension><extension url="value"><valueString value="input/liquid"/></extension></extension><extension url="http://hl7.org/fhir/tools/StructureDefinition/ig-parameter"><extension url="code"><valueString value="path-qa"/></extension><extension url="value"><valueString value="temp/qa"/></extension></extension><extension url="http://hl7.org/fhir/tools/StructureDefinition/ig-parameter"><extension url="code"><valueString value="path-temp"/></extension><extension url="value"><valueString value="temp/pages"/></extension></extension><extension url="http://hl7.org/fhir/tools/StructureDefinition/ig-parameter"><extension url="code"><valueString value="path-output"/></extension><extension url="value"><valueString value="output"/></extension></extension><extension url="http://hl7.org/fhir/tools/StructureDefinition/ig-parameter"><extension url="code"><valueString value="path-suppressed-warnings"/></extension><extension url="value"><valueString value="input/ignoreWarnings.txt"/></extension></extension><extension url="http://hl7.org/fhir/tools/StructureDefinition/ig-parameter"><extension url="code"><valueString value="path-history"/></extension><extension url="value"><valueString value="http://example.org/history.html"/></extension></extension><extension url="http://hl7.org/fhir/tools/StructureDefinition/ig-parameter"><extension url="code"><valueString value="template-html"/></extension><extension url="value"><valueString value="template-page.html"/></extension></extension><extension url="http://hl7.org/fhir/tools/StructureDefinition/ig-parameter"><extension url="code"><valueString value="template-md"/></extension><extension url="value"><valueString value="template-page-md.html"/></extension></extension><extension url="http://hl7.org/fhir/tools/StructureDefinition/ig-parameter"><extension url="code"><valueString value="apply-contact"/></extension><extension url="value"><valueString value="true"/></extension></extension><extension url="http://hl7.org/fhir/tools/StructureDefinition/ig-parameter"><extension url="code"><valueString value="apply-context"/></extension><extension url="value"><valueString value="true"/></extension></extension><extension url="http://hl7.org/fhir/tools/StructureDefinition/ig-parameter"><extension url="code"><valueString value="apply-copyright"/></extension><extension url="value"><valueString value="true"/></extension></extension><extension url="http://hl7.org/fhir/tools/StructureDefinition/ig-parameter"><extension url="code"><valueString value="apply-jurisdiction"/></extension><extension url="value"><valueString value="true"/></extension></extension><extension url="http://hl7.org/fhir/tools/StructureDefinition/ig-parameter"><extension url="code"><valueString value="apply-license"/></extension><extension url="value"><valueString value="true"/></extension></extension><extension url="http://hl7.org/fhir/tools/StructureDefinition/ig-parameter"><extension url="code"><valueString value="apply-publisher"/></extension><extension url="value"><valueString value="true"/></extension></extension><extension url="http://hl7.org/fhir/tools/StructureDefinition/ig-parameter"><extension url="code"><valueString value="apply-version"/></extension><extension url="value"><valueString value="true"/></extension></extension><extension url="http://hl7.org/fhir/tools/StructureDefinition/ig-parameter"><extension url="code"><valueString value="apply-wg"/></extension><extension url="value"><valueString value="true"/></extension></extension><extension url="http://hl7.org/fhir/tools/StructureDefinition/ig-parameter"><extension url="code"><valueString value="active-tables"/></extension><extension url="value"><valueString value="true"/></extension></extension><extension url="http://hl7.org/fhir/tools/StructureDefinition/ig-parameter"><extension url="code"><valueString value="fmm-definition"/></extension><extension url="value"><valueString value="http://hl7.org/fhir/versions.html#maturity"/></extension></extension><extension url="http://hl7.org/fhir/tools/StructureDefinition/ig-parameter"><extension url="code"><valueString value="propagate-status"/></extension><extension url="value"><valueString value="true"/></extension></extension><extension url="http://hl7.org/fhir/tools/StructureDefinition/ig-parameter"><extension url="code"><valueString value="excludelogbinaryformat"/></extension><extension url="value"><valueString value="true"/></extension></extension><extension url="http://hl7.org/fhir/tools/StructureDefinition/ig-parameter"><extension url="code"><valueString value="tabbed-snapshots"/></extension><extension url="value"><valueString value="true"/></extension></extension><extension url="http://hl7.org/fhir/tools/StructureDefinition/ig-internal-dependency"><valueCode value="hl7.fhir.uv.tools#0.2.0"/></extension><extension url="http://hl7.org/fhir/tools/StructureDefinition/ig-parameter"><extension url="code"><valueCode value="copyrightyear"/></extension><extension url="value"><valueString value="2024+"/></extension></extension><extension url="http://hl7.org/fhir/tools/StructureDefinition/ig-parameter"><extension url="code"><valueCode value="releaselabel"/></extension><extension url="value"><valueString value="ci-build"/></extension></extension><extension url="http://hl7.org/fhir/tools/StructureDefinition/ig-parameter"><extension url="code"><valueCode value="autoload-resources"/></extension><extension url="value"><valueString value="true"/></extension></extension><extension url="http://hl7.org/fhir/tools/StructureDefinition/ig-parameter"><extension url="code"><valueCode value="path-liquid"/></extension><extension url="value"><valueString value="template/liquid"/></extension></extension><extension url="http://hl7.org/fhir/tools/StructureDefinition/ig-parameter"><extension url="code"><valueCode value="path-liquid"/></extension><extension url="value"><valueString value="input/liquid"/></extension></extension><extension url="http://hl7.org/fhir/tools/StructureDefinition/ig-parameter"><extension url="code"><valueCode value="path-qa"/></extension><extension url="value"><valueString value="temp/qa"/></extension></extension><extension url="http://hl7.org/fhir/tools/StructureDefinition/ig-parameter"><extension url="code"><valueCode value="path-temp"/></extension><extension url="value"><valueString value="temp/pages"/></extension></extension><extension url="http://hl7.org/fhir/tools/StructureDefinition/ig-parameter"><extension url="code"><valueCode value="path-output"/></extension><extension url="value"><valueString value="output"/></extension></extension><extension url="http://hl7.org/fhir/tools/StructureDefinition/ig-parameter"><extension url="code"><valueCode value="path-suppressed-warnings"/></extension><extension url="value"><valueString value="input/ignoreWarnings.txt"/></extension></extension><extension url="http://hl7.org/fhir/tools/StructureDefinition/ig-parameter"><extension url="code"><valueCode value="path-history"/></extension><extension url="value"><valueString value="http://example.org/history.html"/></extension></extension><extension url="http://hl7.org/fhir/tools/StructureDefinition/ig-parameter"><extension url="code"><valueCode value="template-html"/></extension><extension url="value"><valueString value="template-page.html"/></extension></extension><extension url="http://hl7.org/fhir/tools/StructureDefinition/ig-parameter"><extension url="code"><valueCode value="template-md"/></extension><extension url="value"><valueString value="template-page-md.html"/></extension></extension><extension url="http://hl7.org/fhir/tools/StructureDefinition/ig-parameter"><extension url="code"><valueCode value="apply-contact"/></extension><extension url="value"><valueString value="true"/></extension></extension><extension url="http://hl7.org/fhir/tools/StructureDefinition/ig-parameter"><extension url="code"><valueCode value="apply-context"/></extension><extension url="value"><valueString value="true"/></extension></extension><extension url="http://hl7.org/fhir/tools/StructureDefinition/ig-parameter"><extension url="code"><valueCode value="apply-copyright"/></extension><extension url="value"><valueString value="true"/></extension></extension><extension url="http://hl7.org/fhir/tools/StructureDefinition/ig-parameter"><extension url="code"><valueCode value="apply-jurisdiction"/></extension><extension url="value"><valueString value="true"/></extension></extension><extension url="http://hl7.org/fhir/tools/StructureDefinition/ig-parameter"><extension url="code"><valueCode value="apply-license"/></extension><extension url="value"><valueString value="true"/></extension></extension><extension url="http://hl7.org/fhir/tools/StructureDefinition/ig-parameter"><extension url="code"><valueCode value="apply-publisher"/></extension><extension url="value"><valueString value="true"/></extension></extension><extension url="http://hl7.org/fhir/tools/StructureDefinition/ig-parameter"><extension url="code"><valueCode value="apply-version"/></extension><extension url="value"><valueString value="true"/></extension></extension><extension url="http://hl7.org/fhir/tools/StructureDefinition/ig-parameter"><extension url="code"><valueCode value="apply-wg"/></extension><extension url="value"><valueString value="true"/></extension></extension><extension url="http://hl7.org/fhir/tools/StructureDefinition/ig-parameter"><extension url="code"><valueCode value="active-tables"/></extension><extension url="value"><valueString value="true"/></extension></extension><extension url="http://hl7.org/fhir/tools/StructureDefinition/ig-parameter"><extension url="code"><valueCode value="fmm-definition"/></extension><extension url="value"><valueString value="http://hl7.org/fhir/versions.html#maturity"/></extension></extension><extension url="http://hl7.org/fhir/tools/StructureDefinition/ig-parameter"><extension url="code"><valueCode value="propagate-status"/></extension><extension url="value"><valueString value="true"/></extension></extension><extension url="http://hl7.org/fhir/tools/StructureDefinition/ig-parameter"><extension url="code"><valueCode value="excludelogbinaryformat"/></extension><extension url="value"><valueString value="true"/></extension></extension><extension url="http://hl7.org/fhir/tools/StructureDefinition/ig-parameter"><extension url="code"><valueCode value="tabbed-snapshots"/></extension><extension url="value"><valueString value="true"/></extension></extension><extension url="http://hl7.org/fhir/tools/StructureDefinition/ig-parameter"><extension url="code"><valueCode value="copyrightyear"/></extension><extension url="value"><valueString value="2024+"/></extension></extension><extension url="http://hl7.org/fhir/tools/StructureDefinition/ig-parameter"><extension url="code"><valueCode value="releaselabel"/></extension><extension url="value"><valueString value="ci-build"/></extension></extension><extension url="http://hl7.org/fhir/tools/StructureDefinition/ig-parameter"><extension url="code"><valueCode value="autoload-resources"/></extension><extension url="value"><valueString value="true"/></extension></extension><extension url="http://hl7.org/fhir/tools/StructureDefinition/ig-parameter"><extension url="code"><valueCode value="path-liquid"/></extension><extension url="value"><valueString value="template/liquid"/></extension></extension><extension url="http://hl7.org/fhir/tools/StructureDefinition/ig-parameter"><extension url="code"><valueCode value="path-liquid"/></extension><extension url="value"><valueString value="input/liquid"/></extension></extension><extension url="http://hl7.org/fhir/tools/StructureDefinition/ig-parameter"><extension url="code"><valueCode value="path-qa"/></extension><extension url="value"><valueString value="temp/qa"/></extension></extension><extension url="http://hl7.org/fhir/tools/StructureDefinition/ig-parameter"><extension url="code"><valueCode value="path-temp"/></extension><extension url="value"><valueString value="temp/pages"/></extension></extension><extension url="http://hl7.org/fhir/tools/StructureDefinition/ig-parameter"><extension url="code"><valueCode value="path-output"/></extension><extension url="value"><valueString value="output"/></extension></extension><extension url="http://hl7.org/fhir/tools/StructureDefinition/ig-parameter"><extension url="code"><valueCode value="path-suppressed-warnings"/></extension><extension url="value"><valueString value="input/ignoreWarnings.txt"/></extension></extension><extension url="http://hl7.org/fhir/tools/StructureDefinition/ig-parameter"><extension url="code"><valueCode value="path-history"/></extension><extension url="value"><valueString value="http://example.org/history.html"/></extension></extension><extension url="http://hl7.org/fhir/tools/StructureDefinition/ig-parameter"><extension url="code"><valueCode value="template-html"/></extension><extension url="value"><valueString value="template-page.html"/></extension></extension><extension url="http://hl7.org/fhir/tools/StructureDefinition/ig-parameter"><extension url="code"><valueCode value="template-md"/></extension><extension url="value"><valueString value="template-page-md.html"/></extension></extension><extension url="http://hl7.org/fhir/tools/StructureDefinition/ig-parameter"><extension url="code"><valueCode value="apply-contact"/></extension><extension url="value"><valueString value="true"/></extension></extension><extension url="http://hl7.org/fhir/tools/StructureDefinition/ig-parameter"><extension url="code"><valueCode value="apply-context"/></extension><extension url="value"><valueString value="true"/></extension></extension><extension url="http://hl7.org/fhir/tools/StructureDefinition/ig-parameter"><extension url="code"><valueCode value="apply-copyright"/></extension><extension url="value"><valueString value="true"/></extension></extension><extension url="http://hl7.org/fhir/tools/StructureDefinition/ig-parameter"><extension url="code"><valueCode value="apply-jurisdiction"/></extension><extension url="value"><valueString value="true"/></extension></extension><extension url="http://hl7.org/fhir/tools/StructureDefinition/ig-parameter"><extension url="code"><valueCode value="apply-license"/></extension><extension url="value"><valueString value="true"/></extension></extension><extension url="http://hl7.org/fhir/tools/StructureDefinition/ig-parameter"><extension url="code"><valueCode value="apply-publisher"/></extension><extension url="value"><valueString value="true"/></extension></extension><extension url="http://hl7.org/fhir/tools/StructureDefinition/ig-parameter"><extension url="code"><valueCode value="apply-version"/></extension><extension url="value"><valueString value="true"/></extension></extension><extension url="http://hl7.org/fhir/tools/StructureDefinition/ig-parameter"><extension url="code"><valueCode value="apply-wg"/></extension><extension url="value"><valueString value="true"/></extension></extension><extension url="http://hl7.org/fhir/tools/StructureDefinition/ig-parameter"><extension url="code"><valueCode value="active-tables"/></extension><extension url="value"><valueString value="true"/></extension></extension><extension url="http://hl7.org/fhir/tools/StructureDefinition/ig-parameter"><extension url="code"><valueCode value="fmm-definition"/></extension><extension url="value"><valueString value="http://hl7.org/fhir/versions.html#maturity"/></extension></extension><extension url="http://hl7.org/fhir/tools/StructureDefinition/ig-parameter"><extension url="code"><valueCode value="propagate-status"/></extension><extension url="value"><valueString value="true"/></extension></extension><extension url="http://hl7.org/fhir/tools/StructureDefinition/ig-parameter"><extension url="code"><valueCode value="excludelogbinaryformat"/></extension><extension url="value"><valueString value="true"/></extension></extension><extension url="http://hl7.org/fhir/tools/StructureDefinition/ig-parameter"><extension url="code"><valueCode value="tabbed-snapshots"/></extension><extension url="value"><valueString value="true"/></extension></extension><grouping id="-str-logicalmodel"><name value="Structures: Logical Models"/><description value="These define data models that represent the domain covered by this implementation guide in more business-friendly terms than the underlying FHIR resources."/></grouping><grouping id="-str-profile"><name value="Structures: Resource Profiles"/><description value="These define constraints on FHIR resources for systems conforming to this implementation guide."/></grouping><grouping id="-term-valueset"><name value="Terminology: Value Sets"/><description value="These define sets of codes used by systems conforming to this implementation guide."/></grouping><grouping id="-term-codesystem"><name value="Terminology: Code Systems"/><description value="These define new code systems used by systems conforming to this implementation guide."/></grouping><grouping id="-ex-example"><name value="Example: Example Instances"/><description value="These are example instances that show what data produced and consumed by systems conforming with this implementation guide might look like."/></grouping><resource><extension url="http://hl7.org/fhir/tools/StructureDefinition/resource-sort"><valueInteger value="999999999"/></extension><extension url="http://hl7.org/fhir/StructureDefinition/implementationguide-page"><valueUri value="StructureDefinition-AnimalExposure.html"/></extension><reference><reference value="StructureDefinition/AnimalExposure"/></reference><name value="Animal exposure"/><exampleBoolean value="false"/><groupingId value="-str-logicalmodel"/></resource><resource><extension url="http://hl7.org/fhir/tools/StructureDefinition/resource-sort"><valueInteger value="999999999"/></extension><extension url="http://hl7.org/fhir/StructureDefinition/implementationguide-page"><valueUri value="StructureDefinition-CaseSurveillanceMpoxCIF.html"/></extension><reference><reference value="StructureDefinition/CaseSurveillanceMpoxCIF"/></reference><name value="Case surveillance: Mpox (CIF)"/><exampleBoolean value="false"/><groupingId value="-str-logicalmodel"/></resource><resource><extension url="http://hl7.org/fhir/tools/StructureDefinition/resource-sort"><valueInteger value="999999999"/></extension><extension url="http://hl7.org/fhir/StructureDefinition/implementationguide-page"><valueUri value="StructureDefinition-ClinicalAndVaccinationInformation.html"/></extension><reference><reference value="StructureDefinition/ClinicalAndVaccinationInformation"/></reference><name value="Clinical and vaccination information"/><exampleBoolean value="false"/><groupingId value="-str-logicalmodel"/></resource><resource><extension url="http://hl7.org/fhir/tools/StructureDefinition/resource-sort"><valueInteger value="999999999"/></extension><extension url="http://hl7.org/fhir/StructureDefinition/implementationguide-page"><valueUri value="StructureDefinition-ContactDetails.html"/></extension><reference><reference value="StructureDefinition/ContactDetails"/></reference><name value="Contact details"/><exampleBoolean value="false"/><groupingId value="-str-logicalmodel"/></resource><resource><extension url="http://hl7.org/fhir/tools/StructureDefinition/resource-sort"><valueInteger value="999999999"/></extension><extension url="http://hl7.org/fhir/StructureDefinition/implementationguide-page"><valueUri value="StructureDefinition-DiagnosticPathogenTesting.html"/></extension><reference><reference value="StructureDefinition/DiagnosticPathogenTesting"/></reference><name value="Diagnostic/Pathogen testing"/><exampleBoolean value="false"/><groupingId value="-str-logicalmodel"/></resource><resource><extension url="http://hl7.org/fhir/tools/StructureDefinition/resource-sort"><valueInteger value="999999999"/></extension><extension url="http://hl7.org/fhir/StructureDefinition/implementationguide-page"><valueUri value="StructureDefinition-DiseaseSeverityAndOutcome.html"/></extension><reference><reference value="StructureDefinition/DiseaseSeverityAndOutcome"/></reference><name value="Disease severity and outcome"/><exampleBoolean value="false"/><groupingId value="-str-logicalmodel"/></resource><resource><extension url="http://hl7.org/fhir/tools/StructureDefinition/resource-sort"><valueInteger value="999999999"/></extension><extension url="http://hl7.org/fhir/StructureDefinition/implementationguide-page"><valueUri value="StructureDefinition-ExposureEvents.html"/></extension><reference><reference value="StructureDefinition/ExposureEvents"/></reference><name value="Exposure events"/><exampleBoolean value="false"/><groupingId value="-str-logicalmodel"/></resource><resource><extension url="http://hl7.org/fhir/tools/StructureDefinition/resource-sort"><valueInteger value="999999999"/></extension><extension url="http://hl7.org/fhir/StructureDefinition/implementationguide-page"><valueUri value="StructureDefinition-ExposureInHouseholdSetting.html"/></extension><reference><reference value="StructureDefinition/ExposureInHouseholdSetting"/></reference><name value="Exposure in household setting"/><exampleBoolean value="false"/><groupingId value="-str-logicalmodel"/></resource><resource><extension url="http://hl7.org/fhir/tools/StructureDefinition/resource-sort"><valueInteger value="999999999"/></extension><extension url="http://hl7.org/fhir/StructureDefinition/implementationguide-page"><valueUri value="StructureDefinition-ExposureToProbableOrConfirmedCase.html"/></extension><reference><reference value="StructureDefinition/ExposureToProbableOrConfirmedCase"/></reference><name value="Exposure to probable or confirmed case"/><exampleBoolean value="false"/><groupingId value="-str-logicalmodel"/></resource><resource><extension url="http://hl7.org/fhir/tools/StructureDefinition/resource-sort"><valueInteger value="999999999"/></extension><extension url="http://hl7.org/fhir/StructureDefinition/implementationguide-page"><valueUri value="StructureDefinition-ForwardTracing.html"/></extension><reference><reference value="StructureDefinition/ForwardTracing"/></reference><name value="Forward tracing"/><exampleBoolean value="false"/><groupingId value="-str-logicalmodel"/></resource><resource><extension url="http://hl7.org/fhir/tools/StructureDefinition/resource-sort"><valueInteger value="999999999"/></extension><extension url="http://hl7.org/fhir/StructureDefinition/implementationguide-page"><valueUri value="StructureDefinition-MostLikelyModeOfTransmission.html"/></extension><reference><reference value="StructureDefinition/MostLikelyModeOfTransmission"/></reference><name value="Most likely mode of transmission"/><exampleBoolean value="false"/><groupingId value="-str-logicalmodel"/></resource><resource><extension url="http://hl7.org/fhir/tools/StructureDefinition/resource-sort"><valueInteger value="999999999"/></extension><extension url="http://hl7.org/fhir/StructureDefinition/implementationguide-page"><valueUri value="StructureDefinition-OccupationalExposureInHealthcareSettings.html"/></extension><reference><reference value="StructureDefinition/OccupationalExposureInHealthcareSettings"/></reference><name value="Occupational exposure in healthcare settings"/><exampleBoolean value="false"/><groupingId value="-str-logicalmodel"/></resource><resource><extension url="http://hl7.org/fhir/tools/StructureDefinition/resource-sort"><valueInteger value="999999999"/></extension><extension url="http://hl7.org/fhir/StructureDefinition/implementationguide-page"><valueUri value="StructureDefinition-SexualActivity.html"/></extension><reference><reference value="StructureDefinition/SexualActivity"/></reference><name value="Sexual activity"/><exampleBoolean value="false"/><groupingId value="-str-logicalmodel"/></resource><resource><extension url="http://hl7.org/fhir/tools/StructureDefinition/resource-sort"><valueInteger value="999999999"/></extension><extension url="http://hl7.org/fhir/StructureDefinition/implementationguide-page"><valueUri value="StructureDefinition-SexualPartners.html"/></extension><reference><reference value="StructureDefinition/SexualPartners"/></reference><name value="Sexual partners"/><exampleBoolean value="false"/><groupingId value="-str-logicalmodel"/></resource><resource><extension url="http://hl7.org/fhir/tools/StructureDefinition/resource-sort"><valueInteger value="999999999"/></extension><extension url="http://hl7.org/fhir/StructureDefinition/implementationguide-page"><valueUri value="StructureDefinition-TravelHistory.html"/></extension><reference><reference value="StructureDefinition/TravelHistory"/></reference><name value="Travel history"/><exampleBoolean value="false"/><groupingId value="-str-logicalmodel"/></resource><resource><extension url="http://hl7.org/fhir/tools/StructureDefinition/resource-sort"><valueInteger value="999999999"/></extension><extension url="http://hl7.org/fhir/StructureDefinition/implementationguide-page"><valueUri value="StructureDefinition-MyPatient.html"/></extension><reference><reference value="StructureDefinition/MyPatient"/></reference><name value="MyPatient"/><description value="An example profile of the Patient resource."/><exampleBoolean value="false"/><groupingId value="-str-profile"/></resource><resource><extension url="http://hl7.org/fhir/tools/StructureDefinition/resource-sort"><valueInteger value="999999999"/></extension><extension url="http://hl7.org/fhir/StructureDefinition/implementationguide-page"><valueUri value="ValueSet-gen---countries-vs.html"/></extension><reference><reference value="ValueSet/gen---countries-vs"/></reference><name value="GEN - Countries value set"/><exampleBoolean value="false"/><groupingId value="-term-valueset"/></resource><resource><extension url="http://hl7.org/fhir/tools/StructureDefinition/resource-sort"><valueInteger value="999999999"/></extension><extension url="http://hl7.org/fhir/StructureDefinition/implementationguide-page"><valueUri value="ValueSet-mpox-cs-animal-status-vs.html"/></extension><reference><reference value="ValueSet/mpox-cs-animal-status-vs"/></reference><name value="MPOX CS: Animal status value set"/><exampleBoolean value="false"/><groupingId value="-term-valueset"/></resource><resource><extension url="http://hl7.org/fhir/tools/StructureDefinition/resource-sort"><valueInteger value="999999999"/></extension><extension url="http://hl7.org/fhir/StructureDefinition/implementationguide-page"><valueUri value="ValueSet-mpox-cs-case-classification-crf-vs.html"/></extension><reference><reference value="ValueSet/mpox-cs-case-classification-crf-vs"/></reference><name value="MPOX CS: Case classification (CRF) value set"/><exampleBoolean value="false"/><groupingId value="-term-valueset"/></resource><resource><extension url="http://hl7.org/fhir/tools/StructureDefinition/resource-sort"><valueInteger value="999999999"/></extension><extension url="http://hl7.org/fhir/StructureDefinition/implementationguide-page"><valueUri value="ValueSet-mpox-cs-clade-mpox-vs.html"/></extension><reference><reference value="ValueSet/mpox-cs-clade-mpox-vs"/></reference><name value="MPOX CS: Clade Mpox value set"/><exampleBoolean value="false"/><groupingId value="-term-valueset"/></resource><resource><extension url="http://hl7.org/fhir/tools/StructureDefinition/resource-sort"><valueInteger value="999999999"/></extension><extension url="http://hl7.org/fhir/StructureDefinition/implementationguide-page"><valueUri value="ValueSet-mpox-cs-contact-frequency-vs.html"/></extension><reference><reference value="ValueSet/mpox-cs-contact-frequency-vs"/></reference><name value="MPOX CS: Contact frequency value set"/><exampleBoolean value="false"/><groupingId value="-term-valueset"/></resource><resource><extension url="http://hl7.org/fhir/tools/StructureDefinition/resource-sort"><valueInteger value="999999999"/></extension><extension url="http://hl7.org/fhir/StructureDefinition/implementationguide-page"><valueUri value="ValueSet-mpox-cs-current-status-vs.html"/></extension><reference><reference value="ValueSet/mpox-cs-current-status-vs"/></reference><name value="MPOX CS: Current status value set"/><exampleBoolean value="false"/><groupingId value="-term-valueset"/></resource><resource><extension url="http://hl7.org/fhir/tools/StructureDefinition/resource-sort"><valueInteger value="999999999"/></extension><extension url="http://hl7.org/fhir/StructureDefinition/implementationguide-page"><valueUri value="ValueSet-mpox-cs-gender-sexual-partners-vs.html"/></extension><reference><reference value="ValueSet/mpox-cs-gender-sexual-partners-vs"/></reference><name value="MPOX CS: Gender sexual partners value set"/><exampleBoolean value="false"/><groupingId value="-term-valueset"/></resource><resource><extension url="http://hl7.org/fhir/tools/StructureDefinition/resource-sort"><valueInteger value="999999999"/></extension><extension url="http://hl7.org/fhir/StructureDefinition/implementationguide-page"><valueUri value="ValueSet-mpox-cs-gender-vs.html"/></extension><reference><reference value="ValueSet/mpox-cs-gender-vs"/></reference><name value="MPOX CS: Gender value set"/><exampleBoolean value="false"/><groupingId value="-term-valueset"/></resource><resource><extension url="http://hl7.org/fhir/tools/StructureDefinition/resource-sort"><valueInteger value="999999999"/></extension><extension url="http://hl7.org/fhir/StructureDefinition/implementationguide-page"><valueUri value="ValueSet-mpox-cs-hiv-status-assessment-vs.html"/></extension><reference><reference value="ValueSet/mpox-cs-hiv-status-assessment-vs"/></reference><name value="MPOX CS: HIV status assessment value set"/><exampleBoolean value="false"/><groupingId value="-term-valueset"/></resource><resource><extension url="http://hl7.org/fhir/tools/StructureDefinition/resource-sort"><valueInteger value="999999999"/></extension><extension url="http://hl7.org/fhir/StructureDefinition/implementationguide-page"><valueUri value="ValueSet-mpox-cs-hiv-status-vs.html"/></extension><reference><reference value="ValueSet/mpox-cs-hiv-status-vs"/></reference><name value="MPOX CS: HIV status value set"/><exampleBoolean value="false"/><groupingId value="-term-valueset"/></resource><resource><extension url="http://hl7.org/fhir/tools/StructureDefinition/resource-sort"><valueInteger value="999999999"/></extension><extension url="http://hl7.org/fhir/StructureDefinition/implementationguide-page"><valueUri value="ValueSet-mpox-cs-hand-hygiene-ppe-vs.html"/></extension><reference><reference value="ValueSet/mpox-cs-hand-hygiene-ppe-vs"/></reference><name value="MPOX CS: Hand hygiene PPE value set"/><exampleBoolean value="false"/><groupingId value="-term-valueset"/></resource><resource><extension url="http://hl7.org/fhir/tools/StructureDefinition/resource-sort"><valueInteger value="999999999"/></extension><extension url="http://hl7.org/fhir/StructureDefinition/implementationguide-page"><valueUri value="ValueSet-mpox-cs-immunosuppressed-status-vs.html"/></extension><reference><reference value="ValueSet/mpox-cs-immunosuppressed-status-vs"/></reference><name value="MPOX CS: Immunosuppressed status value set"/><exampleBoolean value="false"/><groupingId value="-term-valueset"/></resource><resource><extension url="http://hl7.org/fhir/tools/StructureDefinition/resource-sort"><valueInteger value="999999999"/></extension><extension url="http://hl7.org/fhir/StructureDefinition/implementationguide-page"><valueUri value="ValueSet-mpox-cs-likely-mode-of-transmission-mpox-vs.html"/></extension><reference><reference value="ValueSet/mpox-cs-likely-mode-of-transmission-mpox-vs"/></reference><name value="MPOX CS: Likely mode of transmission (Mpox) value set"/><exampleBoolean value="false"/><groupingId value="-term-valueset"/></resource><resource><extension url="http://hl7.org/fhir/tools/StructureDefinition/resource-sort"><valueInteger value="999999999"/></extension><extension url="http://hl7.org/fhir/StructureDefinition/implementationguide-page"><valueUri value="ValueSet-mpox-cs-maximum-duration-encounters-vs.html"/></extension><reference><reference value="ValueSet/mpox-cs-maximum-duration-encounters-vs"/></reference><name value="MPOX CS: Maximum duration encounters value set"/><exampleBoolean value="false"/><groupingId value="-term-valueset"/></resource><resource><extension url="http://hl7.org/fhir/tools/StructureDefinition/resource-sort"><valueInteger value="999999999"/></extension><extension url="http://hl7.org/fhir/StructureDefinition/implementationguide-page"><valueUri value="ValueSet-mpox-cs-outcome-disease-vs.html"/></extension><reference><reference value="ValueSet/mpox-cs-outcome-disease-vs"/></reference><name value="MPOX CS: Outcome disease value set"/><exampleBoolean value="false"/><groupingId value="-term-valueset"/></resource><resource><extension url="http://hl7.org/fhir/tools/StructureDefinition/resource-sort"><valueInteger value="999999999"/></extension><extension url="http://hl7.org/fhir/StructureDefinition/implementationguide-page"><valueUri value="ValueSet-mpox-cs-ppe-used-during-exposure-vs.html"/></extension><reference><reference value="ValueSet/mpox-cs-ppe-used-during-exposure-vs"/></reference><name value="MPOX CS: PPE used during exposure value set"/><exampleBoolean value="false"/><groupingId value="-term-valueset"/></resource><resource><extension url="http://hl7.org/fhir/tools/StructureDefinition/resource-sort"><valueInteger value="999999999"/></extension><extension url="http://hl7.org/fhir/StructureDefinition/implementationguide-page"><valueUri value="ValueSet-mpox-cs-place-animal-contact-vs.html"/></extension><reference><reference value="ValueSet/mpox-cs-place-animal-contact-vs"/></reference><name value="MPOX CS: Place animal contact value set"/><exampleBoolean value="false"/><groupingId value="-term-valueset"/></resource><resource><extension url="http://hl7.org/fhir/tools/StructureDefinition/resource-sort"><valueInteger value="999999999"/></extension><extension url="http://hl7.org/fhir/StructureDefinition/implementationguide-page"><valueUri value="ValueSet-mpox-cs-pregnancy-status-vs.html"/></extension><reference><reference value="ValueSet/mpox-cs-pregnancy-status-vs"/></reference><name value="MPOX CS: Pregnancy status value set"/><exampleBoolean value="false"/><groupingId value="-term-valueset"/></resource><resource><extension url="http://hl7.org/fhir/tools/StructureDefinition/resource-sort"><valueInteger value="999999999"/></extension><extension url="http://hl7.org/fhir/StructureDefinition/implementationguide-page"><valueUri value="ValueSet-mpox-cs-protected-sex-vs.html"/></extension><reference><reference value="ValueSet/mpox-cs-protected-sex-vs"/></reference><name value="MPOX CS: Protected sex value set"/><exampleBoolean value="false"/><groupingId value="-term-valueset"/></resource><resource><extension url="http://hl7.org/fhir/tools/StructureDefinition/resource-sort"><valueInteger value="999999999"/></extension><extension url="http://hl7.org/fhir/StructureDefinition/implementationguide-page"><valueUri value="ValueSet-mpox-cs-relationship-case-vs.html"/></extension><reference><reference value="ValueSet/mpox-cs-relationship-case-vs"/></reference><name value="MPOX CS: Relationship case value set"/><exampleBoolean value="false"/><groupingId value="-term-valueset"/></resource><resource><extension url="http://hl7.org/fhir/tools/StructureDefinition/resource-sort"><valueInteger value="999999999"/></extension><extension url="http://hl7.org/fhir/StructureDefinition/implementationguide-page"><valueUri value="ValueSet-mpox-cs-result-sample-vs.html"/></extension><reference><reference value="ValueSet/mpox-cs-result-sample-vs"/></reference><name value="MPOX CS: Result sample value set"/><exampleBoolean value="false"/><groupingId value="-term-valueset"/></resource><resource><extension url="http://hl7.org/fhir/tools/StructureDefinition/resource-sort"><valueInteger value="999999999"/></extension><extension url="http://hl7.org/fhir/StructureDefinition/implementationguide-page"><valueUri value="ValueSet-mpox-cs-sex-vs.html"/></extension><reference><reference value="ValueSet/mpox-cs-sex-vs"/></reference><name value="MPOX CS: Sex value set"/><exampleBoolean value="false"/><groupingId value="-term-valueset"/></resource><resource><extension url="http://hl7.org/fhir/tools/StructureDefinition/resource-sort"><valueInteger value="999999999"/></extension><extension url="http://hl7.org/fhir/StructureDefinition/implementationguide-page"><valueUri value="ValueSet-mpox-cs-sexual-behavior-vs.html"/></extension><reference><reference value="ValueSet/mpox-cs-sexual-behavior-vs"/></reference><name value="MPOX CS: Sexual behavior value set"/><exampleBoolean value="false"/><groupingId value="-term-valueset"/></resource><resource><extension url="http://hl7.org/fhir/tools/StructureDefinition/resource-sort"><valueInteger value="999999999"/></extension><extension url="http://hl7.org/fhir/StructureDefinition/implementationguide-page"><valueUri value="ValueSet-mpox-cs-sexual-partner-last-3-months-vs.html"/></extension><reference><reference value="ValueSet/mpox-cs-sexual-partner-last-3-months-vs"/></reference><name value="MPOX CS: Sexual partner last 3 months value set"/><exampleBoolean value="false"/><groupingId value="-term-valueset"/></resource><resource><extension url="http://hl7.org/fhir/tools/StructureDefinition/resource-sort"><valueInteger value="999999999"/></extension><extension url="http://hl7.org/fhir/StructureDefinition/implementationguide-page"><valueUri value="ValueSet-mpox-cs-type-of-animal-vs.html"/></extension><reference><reference value="ValueSet/mpox-cs-type-of-animal-vs"/></reference><name value="MPOX CS: Type of animal value set"/><exampleBoolean value="false"/><groupingId value="-term-valueset"/></resource><resource><extension url="http://hl7.org/fhir/tools/StructureDefinition/resource-sort"><valueInteger value="999999999"/></extension><extension url="http://hl7.org/fhir/StructureDefinition/implementationguide-page"><valueUri value="ValueSet-mpox-cs-type-of-contact-forward-tracing-vs.html"/></extension><reference><reference value="ValueSet/mpox-cs-type-of-contact-forward-tracing-vs"/></reference><name value="MPOX CS: Type of contact (forward tracing) value set"/><exampleBoolean value="false"/><groupingId value="-term-valueset"/></resource><resource><extension url="http://hl7.org/fhir/tools/StructureDefinition/resource-sort"><valueInteger value="999999999"/></extension><extension url="http://hl7.org/fhir/StructureDefinition/implementationguide-page"><valueUri value="ValueSet-mpox-cs-vaccination-current-event-vs.html"/></extension><reference><reference value="ValueSet/mpox-cs-vaccination-current-event-vs"/></reference><name value="MPOX CS: Vaccination current event value set"/><exampleBoolean value="false"/><groupingId value="-term-valueset"/></resource><resource><extension url="http://hl7.org/fhir/tools/StructureDefinition/resource-sort"><valueInteger value="999999999"/></extension><extension url="http://hl7.org/fhir/StructureDefinition/implementationguide-page"><valueUri value="ValueSet-mpox-cs-vaccine-brand-vs.html"/></extension><reference><reference value="ValueSet/mpox-cs-vaccine-brand-vs"/></reference><name value="MPOX CS: Vaccine brand value set"/><exampleBoolean value="false"/><groupingId value="-term-valueset"/></resource><resource><extension url="http://hl7.org/fhir/tools/StructureDefinition/resource-sort"><valueInteger value="999999999"/></extension><extension url="http://hl7.org/fhir/StructureDefinition/implementationguide-page"><valueUri value="ValueSet-mpox-cs-vaccine-doses-vs.html"/></extension><reference><reference value="ValueSet/mpox-cs-vaccine-doses-vs"/></reference><name value="MPOX CS: Vaccine doses value set"/><exampleBoolean value="false"/><groupingId value="-term-valueset"/></resource><resource><extension url="http://hl7.org/fhir/tools/StructureDefinition/resource-sort"><valueInteger value="999999999"/></extension><extension url="http://hl7.org/fhir/StructureDefinition/implementationguide-page"><valueUri value="ValueSet-mpox-cs-viral-load-vs.html"/></extension><reference><reference value="ValueSet/mpox-cs-viral-load-vs"/></reference><name value="MPOX CS: Viral load value set"/><exampleBoolean value="false"/><groupingId value="-term-valueset"/></resource><resource><extension url="http://hl7.org/fhir/tools/StructureDefinition/resource-sort"><valueInteger value="999999999"/></extension><extension url="http://hl7.org/fhir/StructureDefinition/implementationguide-page"><valueUri value="ValueSet-mpox-cs-yes-no-unknown-vs.html"/></extension><reference><reference value="ValueSet/mpox-cs-yes-no-unknown-vs"/></reference><name value="MPOX CS: Yes/No/Unknown value set"/><exampleBoolean value="false"/><groupingId value="-term-valueset"/></resource><resource><extension url="http://hl7.org/fhir/tools/StructureDefinition/resource-sort"><valueInteger value="999999999"/></extension><extension url="http://hl7.org/fhir/StructureDefinition/implementationguide-page"><valueUri value="CodeSystem-gen---countries-cs.html"/></extension><reference><reference value="CodeSystem/gen---countries-cs"/></reference><name value="GEN - Countries"/><exampleBoolean value="false"/><groupingId value="-term-codesystem"/></resource><resource><extension url="http://hl7.org/fhir/tools/StructureDefinition/resource-sort"><valueInteger value="999999999"/></extension><extension url="http://hl7.org/fhir/StructureDefinition/implementationguide-page"><valueUri value="CodeSystem-mpox-cs-animal-status-cs.html"/></extension><reference><reference value="CodeSystem/mpox-cs-animal-status-cs"/></reference><name value="MPOX CS: Animal status"/><exampleBoolean value="false"/><groupingId value="-term-codesystem"/></resource><resource><extension url="http://hl7.org/fhir/tools/StructureDefinition/resource-sort"><valueInteger value="999999999"/></extension><extension url="http://hl7.org/fhir/StructureDefinition/implementationguide-page"><valueUri value="CodeSystem-mpox-cs-case-classification-crf-cs.html"/></extension><reference><reference value="CodeSystem/mpox-cs-case-classification-crf-cs"/></reference><name value="MPOX CS: Case classification (CRF)"/><exampleBoolean value="false"/><groupingId value="-term-codesystem"/></resource><resource><extension url="http://hl7.org/fhir/tools/StructureDefinition/resource-sort"><valueInteger value="999999999"/></extension><extension url="http://hl7.org/fhir/StructureDefinition/implementationguide-page"><valueUri value="CodeSystem-mpox-cs-clade-mpox-cs.html"/></extension><reference><reference value="CodeSystem/mpox-cs-clade-mpox-cs"/></reference><name value="MPOX CS: Clade Mpox"/><exampleBoolean value="false"/><groupingId value="-term-codesystem"/></resource><resource><extension url="http://hl7.org/fhir/tools/StructureDefinition/resource-sort"><valueInteger value="999999999"/></extension><extension url="http://hl7.org/fhir/StructureDefinition/implementationguide-page"><valueUri value="CodeSystem-mpox-cs-contact-frequency-cs.html"/></extension><reference><reference value="CodeSystem/mpox-cs-contact-frequency-cs"/></reference><name value="MPOX CS: Contact frequency"/><exampleBoolean value="false"/><groupingId value="-term-codesystem"/></resource><resource><extension url="http://hl7.org/fhir/tools/StructureDefinition/resource-sort"><valueInteger value="999999999"/></extension><extension url="http://hl7.org/fhir/StructureDefinition/implementationguide-page"><valueUri value="CodeSystem-mpox-cs-current-status-cs.html"/></extension><reference><reference value="CodeSystem/mpox-cs-current-status-cs"/></reference><name value="MPOX CS: Current status"/><exampleBoolean value="false"/><groupingId value="-term-codesystem"/></resource><resource><extension url="http://hl7.org/fhir/tools/StructureDefinition/resource-sort"><valueInteger value="999999999"/></extension><extension url="http://hl7.org/fhir/StructureDefinition/implementationguide-page"><valueUri value="CodeSystem-mpox-cs-gender-cs.html"/></extension><reference><reference value="CodeSystem/mpox-cs-gender-cs"/></reference><name value="MPOX CS: Gender"/><exampleBoolean value="false"/><groupingId value="-term-codesystem"/></resource><resource><extension url="http://hl7.org/fhir/tools/StructureDefinition/resource-sort"><valueInteger value="999999999"/></extension><extension url="http://hl7.org/fhir/StructureDefinition/implementationguide-page"><valueUri value="CodeSystem-mpox-cs-gender-sexual-partners-cs.html"/></extension><reference><reference value="CodeSystem/mpox-cs-gender-sexual-partners-cs"/></reference><name value="MPOX CS: Gender sexual partners"/><exampleBoolean value="false"/><groupingId value="-term-codesystem"/></resource><resource><extension url="http://hl7.org/fhir/tools/StructureDefinition/resource-sort"><valueInteger value="999999999"/></extension><extension url="http://hl7.org/fhir/StructureDefinition/implementationguide-page"><valueUri value="CodeSystem-mpox-cs-hiv-status-cs.html"/></extension><reference><reference value="CodeSystem/mpox-cs-hiv-status-cs"/></reference><name value="MPOX CS: HIV status"/><exampleBoolean value="false"/><groupingId value="-term-codesystem"/></resource><resource><extension url="http://hl7.org/fhir/tools/StructureDefinition/resource-sort"><valueInteger value="999999999"/></extension><extension url="http://hl7.org/fhir/StructureDefinition/implementationguide-page"><valueUri value="CodeSystem-mpox-cs-hiv-status-assessment-cs.html"/></extension><reference><reference value="CodeSystem/mpox-cs-hiv-status-assessment-cs"/></reference><name value="MPOX CS: HIV status assessment"/><exampleBoolean value="false"/><groupingId value="-term-codesystem"/></resource><resource><extension url="http://hl7.org/fhir/tools/StructureDefinition/resource-sort"><valueInteger value="999999999"/></extension><extension url="http://hl7.org/fhir/StructureDefinition/implementationguide-page"><valueUri value="CodeSystem-mpox-cs-hand-hygiene-ppe-cs.html"/></extension><reference><reference value="CodeSystem/mpox-cs-hand-hygiene-ppe-cs"/></reference><name value="MPOX CS: Hand hygiene PPE"/><exampleBoolean value="false"/><groupingId value="-term-codesystem"/></resource><resource><extension url="http://hl7.org/fhir/tools/StructureDefinition/resource-sort"><valueInteger value="999999999"/></extension><extension url="http://hl7.org/fhir/StructureDefinition/implementationguide-page"><valueUri value="CodeSystem-mpox-cs-immunosuppressed-status-cs.html"/></extension><reference><reference value="CodeSystem/mpox-cs-immunosuppressed-status-cs"/></reference><name value="MPOX CS: Immunosuppressed status"/><exampleBoolean value="false"/><groupingId value="-term-codesystem"/></resource><resource><extension url="http://hl7.org/fhir/tools/StructureDefinition/resource-sort"><valueInteger value="999999999"/></extension><extension url="http://hl7.org/fhir/StructureDefinition/implementationguide-page"><valueUri value="CodeSystem-mpox-cs-likely-mode-of-transmission-mpox-cs.html"/></extension><reference><reference value="CodeSystem/mpox-cs-likely-mode-of-transmission-mpox-cs"/></reference><name value="MPOX CS: Likely mode of transmission (Mpox)"/><exampleBoolean value="false"/><groupingId value="-term-codesystem"/></resource><resource><extension url="http://hl7.org/fhir/tools/StructureDefinition/resource-sort"><valueInteger value="999999999"/></extension><extension url="http://hl7.org/fhir/StructureDefinition/implementationguide-page"><valueUri value="CodeSystem-mpox-cs-maximum-duration-encounters-cs.html"/></extension><reference><reference value="CodeSystem/mpox-cs-maximum-duration-encounters-cs"/></reference><name value="MPOX CS: Maximum duration encounters"/><exampleBoolean value="false"/><groupingId value="-term-codesystem"/></resource><resource><extension url="http://hl7.org/fhir/tools/StructureDefinition/resource-sort"><valueInteger value="999999999"/></extension><extension url="http://hl7.org/fhir/StructureDefinition/implementationguide-page"><valueUri value="CodeSystem-mpox-cs-outcome-disease-cs.html"/></extension><reference><reference value="CodeSystem/mpox-cs-outcome-disease-cs"/></reference><name value="MPOX CS: Outcome disease"/><exampleBoolean value="false"/><groupingId value="-term-codesystem"/></resource><resource><extension url="http://hl7.org/fhir/tools/StructureDefinition/resource-sort"><valueInteger value="999999999"/></extension><extension url="http://hl7.org/fhir/StructureDefinition/implementationguide-page"><valueUri value="CodeSystem-mpox-cs-ppe-used-during-exposure-cs.html"/></extension><reference><reference value="CodeSystem/mpox-cs-ppe-used-during-exposure-cs"/></reference><name value="MPOX CS: PPE used during exposure"/><exampleBoolean value="false"/><groupingId value="-term-codesystem"/></resource><resource><extension url="http://hl7.org/fhir/tools/StructureDefinition/resource-sort"><valueInteger value="999999999"/></extension><extension url="http://hl7.org/fhir/StructureDefinition/implementationguide-page"><valueUri value="CodeSystem-mpox-cs-place-animal-contact-cs.html"/></extension><reference><reference value="CodeSystem/mpox-cs-place-animal-contact-cs"/></reference><name value="MPOX CS: Place animal contact"/><exampleBoolean value="false"/><groupingId value="-term-codesystem"/></resource><resource><extension url="http://hl7.org/fhir/tools/StructureDefinition/resource-sort"><valueInteger value="999999999"/></extension><extension url="http://hl7.org/fhir/StructureDefinition/implementationguide-page"><valueUri value="CodeSystem-mpox-cs-pregnancy-status-cs.html"/></extension><reference><reference value="CodeSystem/mpox-cs-pregnancy-status-cs"/></reference><name value="MPOX CS: Pregnancy status"/><exampleBoolean value="false"/><groupingId value="-term-codesystem"/></resource><resource><extension url="http://hl7.org/fhir/tools/StructureDefinition/resource-sort"><valueInteger value="999999999"/></extension><extension url="http://hl7.org/fhir/StructureDefinition/implementationguide-page"><valueUri value="CodeSystem-mpox-cs-protected-sex-cs.html"/></extension><reference><reference value="CodeSystem/mpox-cs-protected-sex-cs"/></reference><name value="MPOX CS: Protected sex"/><exampleBoolean value="false"/><groupingId value="-term-codesystem"/></resource><resource><extension url="http://hl7.org/fhir/tools/StructureDefinition/resource-sort"><valueInteger value="999999999"/></extension><extension url="http://hl7.org/fhir/StructureDefinition/implementationguide-page"><valueUri value="CodeSystem-mpox-cs-relationship-case-cs.html"/></extension><reference><reference value="CodeSystem/mpox-cs-relationship-case-cs"/></reference><name value="MPOX CS: Relationship case"/><exampleBoolean value="false"/><groupingId value="-term-codesystem"/></resource><resource><extension url="http://hl7.org/fhir/tools/StructureDefinition/resource-sort"><valueInteger value="999999999"/></extension><extension url="http://hl7.org/fhir/StructureDefinition/implementationguide-page"><valueUri value="CodeSystem-mpox-cs-result-sample-cs.html"/></extension><reference><reference value="CodeSystem/mpox-cs-result-sample-cs"/></reference><name value="MPOX CS: Result sample"/><exampleBoolean value="false"/><groupingId value="-term-codesystem"/></resource><resource><extension url="http://hl7.org/fhir/tools/StructureDefinition/resource-sort"><valueInteger value="999999999"/></extension><extension url="http://hl7.org/fhir/StructureDefinition/implementationguide-page"><valueUri value="CodeSystem-mpox-cs-sex-cs.html"/></extension><reference><reference value="CodeSystem/mpox-cs-sex-cs"/></reference><name value="MPOX CS: Sex"/><exampleBoolean value="false"/><groupingId value="-term-codesystem"/></resource><resource><extension url="http://hl7.org/fhir/tools/StructureDefinition/resource-sort"><valueInteger value="999999999"/></extension><extension url="http://hl7.org/fhir/StructureDefinition/implementationguide-page"><valueUri value="CodeSystem-mpox-cs-sexual-behavior-cs.html"/></extension><reference><reference value="CodeSystem/mpox-cs-sexual-behavior-cs"/></reference><name value="MPOX CS: Sexual behavior"/><exampleBoolean value="false"/><groupingId value="-term-codesystem"/></resource><resource><extension url="http://hl7.org/fhir/tools/StructureDefinition/resource-sort"><valueInteger value="999999999"/></extension><extension url="http://hl7.org/fhir/StructureDefinition/implementationguide-page"><valueUri value="CodeSystem-mpox-cs-sexual-partner-last-3-months-cs.html"/></extension><reference><reference value="CodeSystem/mpox-cs-sexual-partner-last-3-months-cs"/></reference><name value="MPOX CS: Sexual partner last 3 months"/><exampleBoolean value="false"/><groupingId value="-term-codesystem"/></resource><resource><extension url="http://hl7.org/fhir/tools/StructureDefinition/resource-sort"><valueInteger value="999999999"/></extension><extension url="http://hl7.org/fhir/StructureDefinition/implementationguide-page"><valueUri value="CodeSystem-mpox-cs-type-of-animal-cs.html"/></extension><reference><reference value="CodeSystem/mpox-cs-type-of-animal-cs"/></reference><name value="MPOX CS: Type of animal"/><exampleBoolean value="false"/><groupingId value="-term-codesystem"/></resource><resource><extension url="http://hl7.org/fhir/tools/StructureDefinition/resource-sort"><valueInteger value="999999999"/></extension><extension url="http://hl7.org/fhir/StructureDefinition/implementationguide-page"><valueUri value="CodeSystem-mpox-cs-type-of-contact-forward-tracing-cs.html"/></extension><reference><reference value="CodeSystem/mpox-cs-type-of-contact-forward-tracing-cs"/></reference><name value="MPOX CS: Type of contact (forward tracing)"/><exampleBoolean value="false"/><groupingId value="-term-codesystem"/></resource><resource><extension url="http://hl7.org/fhir/tools/StructureDefinition/resource-sort"><valueInteger value="999999999"/></extension><extension url="http://hl7.org/fhir/StructureDefinition/implementationguide-page"><valueUri value="CodeSystem-mpox-cs-vaccination-current-event-cs.html"/></extension><reference><reference value="CodeSystem/mpox-cs-vaccination-current-event-cs"/></reference><name value="MPOX CS: Vaccination current event"/><exampleBoolean value="false"/><groupingId value="-term-codesystem"/></resource><resource><extension url="http://hl7.org/fhir/tools/StructureDefinition/resource-sort"><valueInteger value="999999999"/></extension><extension url="http://hl7.org/fhir/StructureDefinition/implementationguide-page"><valueUri value="CodeSystem-mpox-cs-vaccine-brand-cs.html"/></extension><reference><reference value="CodeSystem/mpox-cs-vaccine-brand-cs"/></reference><name value="MPOX CS: Vaccine brand"/><exampleBoolean value="false"/><groupingId value="-term-codesystem"/></resource><resource><extension url="http://hl7.org/fhir/tools/StructureDefinition/resource-sort"><valueInteger value="999999999"/></extension><extension url="http://hl7.org/fhir/StructureDefinition/implementationguide-page"><valueUri value="CodeSystem-mpox-cs-vaccine-doses-cs.html"/></extension><reference><reference value="CodeSystem/mpox-cs-vaccine-doses-cs"/></reference><name value="MPOX CS: Vaccine doses"/><exampleBoolean value="false"/><groupingId value="-term-codesystem"/></resource><resource><extension url="http://hl7.org/fhir/tools/StructureDefinition/resource-sort"><valueInteger value="999999999"/></extension><extension url="http://hl7.org/fhir/StructureDefinition/implementationguide-page"><valueUri value="CodeSystem-mpox-cs-viral-load-cs.html"/></extension><reference><reference value="CodeSystem/mpox-cs-viral-load-cs"/></reference><name value="MPOX CS: Viral load"/><exampleBoolean value="false"/><groupingId value="-term-codesystem"/></resource><resource><extension url="http://hl7.org/fhir/tools/StructureDefinition/resource-sort"><valueInteger value="999999999"/></extension><extension url="http://hl7.org/fhir/StructureDefinition/implementationguide-page"><valueUri value="CodeSystem-mpox-cs-yes-no-unknown-cs.html"/></extension><reference><reference value="CodeSystem/mpox-cs-yes-no-unknown-cs"/></reference><name value="MPOX CS: Yes/No/Unknown"/><exampleBoolean value="false"/><groupingId value="-term-codesystem"/></resource><resource><extension url="http://hl7.org/fhir/tools/StructureDefinition/resource-sort"><valueInteger value="999999999"/></extension><extension url="http://hl7.org/fhir/StructureDefinition/implementationguide-page"><valueUri value="Patient-PatientExample.html"/></extension><reference><reference value="Patient/PatientExample"/></reference><name value="PatientExample"/><description value="An example of a patient with a license to krill."/><exampleCanonical value="http://example.org/StructureDefinition/MyPatient"/><groupingId value="-ex-example"/></resource><page><extension url="http://hl7.org/fhir/tools/StructureDefinition/ig-page-name"><valueUrl value="toc.html"/></extension><nameUrl value="toc.html"/><title value="Table of Contents"/><generation value="html"/><page><extension url="http://hl7.org/fhir/tools/StructureDefinition/ig-page-name"><valueUrl value="index.html"/></extension><nameUrl value="index.html"/><title value="Home"/><generation value="markdown"/></page><page><extension url="http://hl7.org/fhir/tools/StructureDefinition/ig-page-name"><valueUrl value="artifacts.html"/></extension><nameUrl value="artifacts.html"/><title value="Artifacts Summary"/><generation value="html"/><page><extension url="http://hl7.org/fhir/tools/StructureDefinition/ig-page-name"><valueUrl value="StructureDefinition-AnimalExposure.html"/></extension><nameUrl value="StructureDefinition-AnimalExposure.html"/><title value="Animal exposure"/><generation value="generated"/></page><page><extension url="http://hl7.org/fhir/tools/StructureDefinition/ig-page-name"><valueUrl value="StructureDefinition-CaseSurveillanceMpoxCIF.html"/></extension><nameUrl value="StructureDefinition-CaseSurveillanceMpoxCIF.html"/><title value="Case surveillance: Mpox (CIF)"/><generation value="generated"/></page><page><extension url="http://hl7.org/fhir/tools/StructureDefinition/ig-page-name"><valueUrl value="StructureDefinition-ClinicalAndVaccinationInformation.html"/></extension><nameUrl value="StructureDefinition-ClinicalAndVaccinationInformation.html"/><title value="Clinical and vaccination information"/><generation value="generated"/></page><page><extension url="http://hl7.org/fhir/tools/StructureDefinition/ig-page-name"><valueUrl value="StructureDefinition-ContactDetails.html"/></extension><nameUrl value="StructureDefinition-ContactDetails.html"/><title value="Contact details"/><generation value="generated"/></page><page><extension url="http://hl7.org/fhir/tools/StructureDefinition/ig-page-name"><valueUrl value="StructureDefinition-DiagnosticPathogenTesting.html"/></extension><nameUrl value="StructureDefinition-DiagnosticPathogenTesting.html"/><title value="Diagnostic/Pathogen testing"/><generation value="generated"/></page><page><extension url="http://hl7.org/fhir/tools/StructureDefinition/ig-page-name"><valueUrl value="StructureDefinition-DiseaseSeverityAndOutcome.html"/></extension><nameUrl value="StructureDefinition-DiseaseSeverityAndOutcome.html"/><title value="Disease severity and outcome"/><generation value="generated"/></page><page><extension url="http://hl7.org/fhir/tools/StructureDefinition/ig-page-name"><valueUrl value="StructureDefinition-ExposureEvents.html"/></extension><nameUrl value="StructureDefinition-ExposureEvents.html"/><title value="Exposure events"/><generation value="generated"/></page><page><extension url="http://hl7.org/fhir/tools/StructureDefinition/ig-page-name"><valueUrl value="StructureDefinition-ExposureInHouseholdSetting.html"/></extension><nameUrl value="StructureDefinition-ExposureInHouseholdSetting.html"/><title value="Exposure in household setting"/><generation value="generated"/></page><page><extension url="http://hl7.org/fhir/tools/StructureDefinition/ig-page-name"><valueUrl value="StructureDefinition-ExposureToProbableOrConfirmedCase.html"/></extension><nameUrl value="StructureDefinition-ExposureToProbableOrConfirmedCase.html"/><title value="Exposure to probable or confirmed case"/><generation value="generated"/></page><page><extension url="http://hl7.org/fhir/tools/StructureDefinition/ig-page-name"><valueUrl value="StructureDefinition-ForwardTracing.html"/></extension><nameUrl value="StructureDefinition-ForwardTracing.html"/><title value="Forward tracing"/><generation value="generated"/></page><page><extension url="http://hl7.org/fhir/tools/StructureDefinition/ig-page-name"><valueUrl value="StructureDefinition-MostLikelyModeOfTransmission.html"/></extension><nameUrl value="StructureDefinition-MostLikelyModeOfTransmission.html"/><title value="Most likely mode of transmission"/><generation value="generated"/></page><page><extension url="http://hl7.org/fhir/tools/StructureDefinition/ig-page-name"><valueUrl value="StructureDefinition-OccupationalExposureInHealthcareSettings.html"/></extension><nameUrl value="StructureDefinition-OccupationalExposureInHealthcareSettings.html"/><title value="Occupational exposure in healthcare settings"/><generation value="generated"/></page><page><extension url="http://hl7.org/fhir/tools/StructureDefinition/ig-page-name"><valueUrl value="StructureDefinition-SexualActivity.html"/></extension><nameUrl value="StructureDefinition-SexualActivity.html"/><title value="Sexual activity"/><generation value="generated"/></page><page><extension url="http://hl7.org/fhir/tools/StructureDefinition/ig-page-name"><valueUrl value="StructureDefinition-SexualPartners.html"/></extension><nameUrl value="StructureDefinition-SexualPartners.html"/><title value="Sexual partners"/><generation value="generated"/></page><page><extension url="http://hl7.org/fhir/tools/StructureDefinition/ig-page-name"><valueUrl value="StructureDefinition-TravelHistory.html"/></extension><nameUrl value="StructureDefinition-TravelHistory.html"/><title value="Travel history"/><generation value="generated"/></page><page><extension url="http://hl7.org/fhir/tools/StructureDefinition/ig-page-name"><valueUrl value="StructureDefinition-MyPatient.html"/></extension><nameUrl value="StructureDefinition-MyPatient.html"/><title value="MyPatient"/><generation value="generated"/></page><page><extension url="http://hl7.org/fhir/tools/StructureDefinition/ig-page-name"><valueUrl value="ValueSet-gen---countries-vs.html"/></extension><nameUrl value="ValueSet-gen---countries-vs.html"/><title value="GEN - Countries value set"/><generation value="generated"/></page><page><extension url="http://hl7.org/fhir/tools/StructureDefinition/ig-page-name"><valueUrl value="ValueSet-mpox-cs-animal-status-vs.html"/></extension><nameUrl value="ValueSet-mpox-cs-animal-status-vs.html"/><title value="MPOX CS: Animal status value set"/><generation value="generated"/></page><page><extension url="http://hl7.org/fhir/tools/StructureDefinition/ig-page-name"><valueUrl value="ValueSet-mpox-cs-case-classification-crf-vs.html"/></extension><nameUrl value="ValueSet-mpox-cs-case-classification-crf-vs.html"/><title value="MPOX CS: Case classification (CRF) value set"/><generation value="generated"/></page><page><extension url="http://hl7.org/fhir/tools/StructureDefinition/ig-page-name"><valueUrl value="ValueSet-mpox-cs-clade-mpox-vs.html"/></extension><nameUrl value="ValueSet-mpox-cs-clade-mpox-vs.html"/><title value="MPOX CS: Clade Mpox value set"/><generation value="generated"/></page><page><extension url="http://hl7.org/fhir/tools/StructureDefinition/ig-page-name"><valueUrl value="ValueSet-mpox-cs-contact-frequency-vs.html"/></extension><nameUrl value="ValueSet-mpox-cs-contact-frequency-vs.html"/><title value="MPOX CS: Contact frequency value set"/><generation value="generated"/></page><page><extension url="http://hl7.org/fhir/tools/StructureDefinition/ig-page-name"><valueUrl value="ValueSet-mpox-cs-current-status-vs.html"/></extension><nameUrl value="ValueSet-mpox-cs-current-status-vs.html"/><title value="MPOX CS: Current status value set"/><generation value="generated"/></page><page><extension url="http://hl7.org/fhir/tools/StructureDefinition/ig-page-name"><valueUrl value="ValueSet-mpox-cs-gender-sexual-partners-vs.html"/></extension><nameUrl value="ValueSet-mpox-cs-gender-sexual-partners-vs.html"/><title value="MPOX CS: Gender sexual partners value set"/><generation value="generated"/></page><page><extension url="http://hl7.org/fhir/tools/StructureDefinition/ig-page-name"><valueUrl value="ValueSet-mpox-cs-gender-vs.html"/></extension><nameUrl value="ValueSet-mpox-cs-gender-vs.html"/><title value="MPOX CS: Gender value set"/><generation value="generated"/></page><page><extension url="http://hl7.org/fhir/tools/StructureDefinition/ig-page-name"><valueUrl value="ValueSet-mpox-cs-hand-hygiene-ppe-vs.html"/></extension><nameUrl value="ValueSet-mpox-cs-hand-hygiene-ppe-vs.html"/><title value="MPOX CS: Hand hygiene PPE value set"/><generation value="generated"/></page><page><extension url="http://hl7.org/fhir/tools/StructureDefinition/ig-page-name"><valueUrl value="ValueSet-mpox-cs-hiv-status-assessment-vs.html"/></extension><nameUrl value="ValueSet-mpox-cs-hiv-status-assessment-vs.html"/><title value="MPOX CS: HIV status assessment value set"/><generation value="generated"/></page><page><extension url="http://hl7.org/fhir/tools/StructureDefinition/ig-page-name"><valueUrl value="ValueSet-mpox-cs-hiv-status-vs.html"/></extension><nameUrl value="ValueSet-mpox-cs-hiv-status-vs.html"/><title value="MPOX CS: HIV status value set"/><generation value="generated"/></page><page><extension url="http://hl7.org/fhir/tools/StructureDefinition/ig-page-name"><valueUrl value="ValueSet-mpox-cs-immunosuppressed-status-vs.html"/></extension><nameUrl value="ValueSet-mpox-cs-immunosuppressed-status-vs.html"/><title value="MPOX CS: Immunosuppressed status value set"/><generation value="generated"/></page><page><extension url="http://hl7.org/fhir/tools/StructureDefinition/ig-page-name"><valueUrl value="ValueSet-mpox-cs-likely-mode-of-transmission-mpox-vs.html"/></extension><nameUrl value="ValueSet-mpox-cs-likely-mode-of-transmission-mpox-vs.html"/><title value="MPOX CS: Likely mode of transmission (Mpox) value set"/><generation value="generated"/></page><page><extension url="http://hl7.org/fhir/tools/StructureDefinition/ig-page-name"><valueUrl value="ValueSet-mpox-cs-maximum-duration-encounters-vs.html"/></extension><nameUrl value="ValueSet-mpox-cs-maximum-duration-encounters-vs.html"/><title value="MPOX CS: Maximum duration encounters value set"/><generation value="generated"/></page><page><extension url="http://hl7.org/fhir/tools/StructureDefinition/ig-page-name"><valueUrl value="ValueSet-mpox-cs-outcome-disease-vs.html"/></extension><nameUrl value="ValueSet-mpox-cs-outcome-disease-vs.html"/><title value="MPOX CS: Outcome disease value set"/><generation value="generated"/></page><page><extension url="http://hl7.org/fhir/tools/StructureDefinition/ig-page-name"><valueUrl value="ValueSet-mpox-cs-place-animal-contact-vs.html"/></extension><nameUrl value="ValueSet-mpox-cs-place-animal-contact-vs.html"/><title value="MPOX CS: Place animal contact value set"/><generation value="generated"/></page><page><extension url="http://hl7.org/fhir/tools/StructureDefinition/ig-page-name"><valueUrl value="ValueSet-mpox-cs-ppe-used-during-exposure-vs.html"/></extension><nameUrl value="ValueSet-mpox-cs-ppe-used-during-exposure-vs.html"/><title value="MPOX CS: PPE used during exposure value set"/><generation value="generated"/></page><page><extension url="http://hl7.org/fhir/tools/StructureDefinition/ig-page-name"><valueUrl value="ValueSet-mpox-cs-pregnancy-status-vs.html"/></extension><nameUrl value="ValueSet-mpox-cs-pregnancy-status-vs.html"/><title value="MPOX CS: Pregnancy status value set"/><generation value="generated"/></page><page><extension url="http://hl7.org/fhir/tools/StructureDefinition/ig-page-name"><valueUrl value="ValueSet-mpox-cs-protected-sex-vs.html"/></extension><nameUrl value="ValueSet-mpox-cs-protected-sex-vs.html"/><title value="MPOX CS: Protected sex value set"/><generation value="generated"/></page><page><extension url="http://hl7.org/fhir/tools/StructureDefinition/ig-page-name"><valueUrl value="ValueSet-mpox-cs-relationship-case-vs.html"/></extension><nameUrl value="ValueSet-mpox-cs-relationship-case-vs.html"/><title value="MPOX CS: Relationship case value set"/><generation value="generated"/></page><page><extension url="http://hl7.org/fhir/tools/StructureDefinition/ig-page-name"><valueUrl value="ValueSet-mpox-cs-result-sample-vs.html"/></extension><nameUrl value="ValueSet-mpox-cs-result-sample-vs.html"/><title value="MPOX CS: Result sample value set"/><generation value="generated"/></page><page><extension url="http://hl7.org/fhir/tools/StructureDefinition/ig-page-name"><valueUrl value="ValueSet-mpox-cs-sex-vs.html"/></extension><nameUrl value="ValueSet-mpox-cs-sex-vs.html"/><title value="MPOX CS: Sex value set"/><generation value="generated"/></page><page><extension url="http://hl7.org/fhir/tools/StructureDefinition/ig-page-name"><valueUrl value="ValueSet-mpox-cs-sexual-behavior-vs.html"/></extension><nameUrl value="ValueSet-mpox-cs-sexual-behavior-vs.html"/><title value="MPOX CS: Sexual behavior value set"/><generation value="generated"/></page><page><extension url="http://hl7.org/fhir/tools/StructureDefinition/ig-page-name"><valueUrl value="ValueSet-mpox-cs-sexual-partner-last-3-months-vs.html"/></extension><nameUrl value="ValueSet-mpox-cs-sexual-partner-last-3-months-vs.html"/><title value="MPOX CS: Sexual partner last 3 months value set"/><generation value="generated"/></page><page><extension url="http://hl7.org/fhir/tools/StructureDefinition/ig-page-name"><valueUrl value="ValueSet-mpox-cs-type-of-animal-vs.html"/></extension><nameUrl value="ValueSet-mpox-cs-type-of-animal-vs.html"/><title value="MPOX CS: Type of animal value set"/><generation value="generated"/></page><page><extension url="http://hl7.org/fhir/tools/StructureDefinition/ig-page-name"><valueUrl value="ValueSet-mpox-cs-type-of-contact-forward-tracing-vs.html"/></extension><nameUrl value="ValueSet-mpox-cs-type-of-contact-forward-tracing-vs.html"/><title value="MPOX CS: Type of contact (forward tracing) value set"/><generation value="generated"/></page><page><extension url="http://hl7.org/fhir/tools/StructureDefinition/ig-page-name"><valueUrl value="ValueSet-mpox-cs-vaccination-current-event-vs.html"/></extension><nameUrl value="ValueSet-mpox-cs-vaccination-current-event-vs.html"/><title value="MPOX CS: Vaccination current event value set"/><generation value="generated"/></page><page><extension url="http://hl7.org/fhir/tools/StructureDefinition/ig-page-name"><valueUrl value="ValueSet-mpox-cs-vaccine-brand-vs.html"/></extension><nameUrl value="ValueSet-mpox-cs-vaccine-brand-vs.html"/><title value="MPOX CS: Vaccine brand value set"/><generation value="generated"/></page><page><extension url="http://hl7.org/fhir/tools/StructureDefinition/ig-page-name"><valueUrl value="ValueSet-mpox-cs-vaccine-doses-vs.html"/></extension><nameUrl value="ValueSet-mpox-cs-vaccine-doses-vs.html"/><title value="MPOX CS: Vaccine doses value set"/><generation value="generated"/></page><page><extension url="http://hl7.org/fhir/tools/StructureDefinition/ig-page-name"><valueUrl value="ValueSet-mpox-cs-viral-load-vs.html"/></extension><nameUrl value="ValueSet-mpox-cs-viral-load-vs.html"/><title value="MPOX CS: Viral load value set"/><generation value="generated"/></page><page><extension url="http://hl7.org/fhir/tools/StructureDefinition/ig-page-name"><valueUrl value="ValueSet-mpox-cs-yes-no-unknown-vs.html"/></extension><nameUrl value="ValueSet-mpox-cs-yes-no-unknown-vs.html"/><title value="MPOX CS: Yes/No/Unknown value set"/><generation value="generated"/></page><page><extension url="http://hl7.org/fhir/tools/StructureDefinition/ig-page-name"><valueUrl value="CodeSystem-gen---countries-cs.html"/></extension><nameUrl value="CodeSystem-gen---countries-cs.html"/><title value="GEN - Countries"/><generation value="generated"/></page><page><extension url="http://hl7.org/fhir/tools/StructureDefinition/ig-page-name"><valueUrl value="CodeSystem-mpox-cs-animal-status-cs.html"/></extension><nameUrl value="CodeSystem-mpox-cs-animal-status-cs.html"/><title value="MPOX CS: Animal status"/><generation value="generated"/></page><page><extension url="http://hl7.org/fhir/tools/StructureDefinition/ig-page-name"><valueUrl value="CodeSystem-mpox-cs-case-classification-crf-cs.html"/></extension><nameUrl value="CodeSystem-mpox-cs-case-classification-crf-cs.html"/><title value="MPOX CS: Case classification (CRF)"/><generation value="generated"/></page><page><extension url="http://hl7.org/fhir/tools/StructureDefinition/ig-page-name"><valueUrl value="CodeSystem-mpox-cs-clade-mpox-cs.html"/></extension><nameUrl value="CodeSystem-mpox-cs-clade-mpox-cs.html"/><title value="MPOX CS: Clade Mpox"/><generation value="generated"/></page><page><extension url="http://hl7.org/fhir/tools/StructureDefinition/ig-page-name"><valueUrl value="CodeSystem-mpox-cs-contact-frequency-cs.html"/></extension><nameUrl value="CodeSystem-mpox-cs-contact-frequency-cs.html"/><title value="MPOX CS: Contact frequency"/><generation value="generated"/></page><page><extension url="http://hl7.org/fhir/tools/StructureDefinition/ig-page-name"><valueUrl value="CodeSystem-mpox-cs-current-status-cs.html"/></extension><nameUrl value="CodeSystem-mpox-cs-current-status-cs.html"/><title value="MPOX CS: Current status"/><generation value="generated"/></page><page><extension url="http://hl7.org/fhir/tools/StructureDefinition/ig-page-name"><valueUrl value="CodeSystem-mpox-cs-gender-cs.html"/></extension><nameUrl value="CodeSystem-mpox-cs-gender-cs.html"/><title value="MPOX CS: Gender"/><generation value="generated"/></page><page><extension url="http://hl7.org/fhir/tools/StructureDefinition/ig-page-name"><valueUrl value="CodeSystem-mpox-cs-gender-sexual-partners-cs.html"/></extension><nameUrl value="CodeSystem-mpox-cs-gender-sexual-partners-cs.html"/><title value="MPOX CS: Gender sexual partners"/><generation value="generated"/></page><page><extension url="http://hl7.org/fhir/tools/StructureDefinition/ig-page-name"><valueUrl value="CodeSystem-mpox-cs-hand-hygiene-ppe-cs.html"/></extension><nameUrl value="CodeSystem-mpox-cs-hand-hygiene-ppe-cs.html"/><title value="MPOX CS: Hand hygiene PPE"/><generation value="generated"/></page><page><extension url="http://hl7.org/fhir/tools/StructureDefinition/ig-page-name"><valueUrl value="CodeSystem-mpox-cs-hiv-status-cs.html"/></extension><nameUrl value="CodeSystem-mpox-cs-hiv-status-cs.html"/><title value="MPOX CS: HIV status"/><generation value="generated"/></page><page><extension url="http://hl7.org/fhir/tools/StructureDefinition/ig-page-name"><valueUrl value="CodeSystem-mpox-cs-hiv-status-assessment-cs.html"/></extension><nameUrl value="CodeSystem-mpox-cs-hiv-status-assessment-cs.html"/><title value="MPOX CS: HIV status assessment"/><generation value="generated"/></page><page><extension url="http://hl7.org/fhir/tools/StructureDefinition/ig-page-name"><valueUrl value="CodeSystem-mpox-cs-immunosuppressed-status-cs.html"/></extension><nameUrl value="CodeSystem-mpox-cs-immunosuppressed-status-cs.html"/><title value="MPOX CS: Immunosuppressed status"/><generation value="generated"/></page><page><extension url="http://hl7.org/fhir/tools/StructureDefinition/ig-page-name"><valueUrl value="CodeSystem-mpox-cs-likely-mode-of-transmission-mpox-cs.html"/></extension><nameUrl value="CodeSystem-mpox-cs-likely-mode-of-transmission-mpox-cs.html"/><title value="MPOX CS: Likely mode of transmission (Mpox)"/><generation value="generated"/></page><page><extension url="http://hl7.org/fhir/tools/StructureDefinition/ig-page-name"><valueUrl value="CodeSystem-mpox-cs-maximum-duration-encounters-cs.html"/></extension><nameUrl value="CodeSystem-mpox-cs-maximum-duration-encounters-cs.html"/><title value="MPOX CS: Maximum duration encounters"/><generation value="generated"/></page><page><extension url="http://hl7.org/fhir/tools/StructureDefinition/ig-page-name"><valueUrl value="CodeSystem-mpox-cs-outcome-disease-cs.html"/></extension><nameUrl value="CodeSystem-mpox-cs-outcome-disease-cs.html"/><title value="MPOX CS: Outcome disease"/><generation value="generated"/></page><page><extension url="http://hl7.org/fhir/tools/StructureDefinition/ig-page-name"><valueUrl value="CodeSystem-mpox-cs-place-animal-contact-cs.html"/></extension><nameUrl value="CodeSystem-mpox-cs-place-animal-contact-cs.html"/><title value="MPOX CS: Place animal contact"/><generation value="generated"/></page><page><extension url="http://hl7.org/fhir/tools/StructureDefinition/ig-page-name"><valueUrl value="CodeSystem-mpox-cs-ppe-used-during-exposure-cs.html"/></extension><nameUrl value="CodeSystem-mpox-cs-ppe-used-during-exposure-cs.html"/><title value="MPOX CS: PPE used during exposure"/><generation value="generated"/></page><page><extension url="http://hl7.org/fhir/tools/StructureDefinition/ig-page-name"><valueUrl value="CodeSystem-mpox-cs-pregnancy-status-cs.html"/></extension><nameUrl value="CodeSystem-mpox-cs-pregnancy-status-cs.html"/><title value="MPOX CS: Pregnancy status"/><generation value="generated"/></page><page><extension url="http://hl7.org/fhir/tools/StructureDefinition/ig-page-name"><valueUrl value="CodeSystem-mpox-cs-protected-sex-cs.html"/></extension><nameUrl value="CodeSystem-mpox-cs-protected-sex-cs.html"/><title value="MPOX CS: Protected sex"/><generation value="generated"/></page><page><extension url="http://hl7.org/fhir/tools/StructureDefinition/ig-page-name"><valueUrl value="CodeSystem-mpox-cs-relationship-case-cs.html"/></extension><nameUrl value="CodeSystem-mpox-cs-relationship-case-cs.html"/><title value="MPOX CS: Relationship case"/><generation value="generated"/></page><page><extension url="http://hl7.org/fhir/tools/StructureDefinition/ig-page-name"><valueUrl value="CodeSystem-mpox-cs-result-sample-cs.html"/></extension><nameUrl value="CodeSystem-mpox-cs-result-sample-cs.html"/><title value="MPOX CS: Result sample"/><generation value="generated"/></page><page><extension url="http://hl7.org/fhir/tools/StructureDefinition/ig-page-name"><valueUrl value="CodeSystem-mpox-cs-sex-cs.html"/></extension><nameUrl value="CodeSystem-mpox-cs-sex-cs.html"/><title value="MPOX CS: Sex"/><generation value="generated"/></page><page><extension url="http://hl7.org/fhir/tools/StructureDefinition/ig-page-name"><valueUrl value="CodeSystem-mpox-cs-sexual-behavior-cs.html"/></extension><nameUrl value="CodeSystem-mpox-cs-sexual-behavior-cs.html"/><title value="MPOX CS: Sexual behavior"/><generation value="generated"/></page><page><extension url="http://hl7.org/fhir/tools/StructureDefinition/ig-page-name"><valueUrl value="CodeSystem-mpox-cs-sexual-partner-last-3-months-cs.html"/></extension><nameUrl value="CodeSystem-mpox-cs-sexual-partner-last-3-months-cs.html"/><title value="MPOX CS: Sexual partner last 3 months"/><generation value="generated"/></page><page><extension url="http://hl7.org/fhir/tools/StructureDefinition/ig-page-name"><valueUrl value="CodeSystem-mpox-cs-type-of-animal-cs.html"/></extension><nameUrl value="CodeSystem-mpox-cs-type-of-animal-cs.html"/><title value="MPOX CS: Type of animal"/><generation value="generated"/></page><page><extension url="http://hl7.org/fhir/tools/StructureDefinition/ig-page-name"><valueUrl value="CodeSystem-mpox-cs-type-of-contact-forward-tracing-cs.html"/></extension><nameUrl value="CodeSystem-mpox-cs-type-of-contact-forward-tracing-cs.html"/><title value="MPOX CS: Type of contact (forward tracing)"/><generation value="generated"/></page><page><extension url="http://hl7.org/fhir/tools/StructureDefinition/ig-page-name"><valueUrl value="CodeSystem-mpox-cs-vaccination-current-event-cs.html"/></extension><nameUrl value="CodeSystem-mpox-cs-vaccination-current-event-cs.html"/><title value="MPOX CS: Vaccination current event"/><generation value="generated"/></page><page><extension url="http://hl7.org/fhir/tools/StructureDefinition/ig-page-name"><valueUrl value="CodeSystem-mpox-cs-vaccine-brand-cs.html"/></extension><nameUrl value="CodeSystem-mpox-cs-vaccine-brand-cs.html"/><title value="MPOX CS: Vaccine brand"/><generation value="generated"/></page><page><extension url="http://hl7.org/fhir/tools/StructureDefinition/ig-page-name"><valueUrl value="CodeSystem-mpox-cs-vaccine-doses-cs.html"/></extension><nameUrl value="CodeSystem-mpox-cs-vaccine-doses-cs.html"/><title value="MPOX CS: Vaccine doses"/><generation value="generated"/></page><page><extension url="http://hl7.org/fhir/tools/StructureDefinition/ig-page-name"><valueUrl value="CodeSystem-mpox-cs-viral-load-cs.html"/></extension><nameUrl value="CodeSystem-mpox-cs-viral-load-cs.html"/><title value="MPOX CS: Viral load"/><generation value="generated"/></page><page><extension url="http://hl7.org/fhir/tools/StructureDefinition/ig-page-name"><valueUrl value="CodeSystem-mpox-cs-yes-no-unknown-cs.html"/></extension><nameUrl value="CodeSystem-mpox-cs-yes-no-unknown-cs.html"/><title value="MPOX CS: Yes/No/Unknown"/><generation value="generated"/></page><page><extension url="http://hl7.org/fhir/tools/StructureDefinition/ig-page-name"><valueUrl value="Patient-PatientExample.html"/></extension><nameUrl value="Patient-PatientExample.html"/><title value="PatientExample"/><generation value="generated"/></page></page></page><parameter><code value="path-resource"/><value value="input/capabilities"/></parameter><parameter><code value="path-resource"/><value value="input/examples"/></parameter><parameter><code value="path-resource"/><value value="input/extensions"/></parameter><parameter><code value="path-resource"/><value value="input/models"/></parameter><parameter><code value="path-resource"/><value value="input/operations"/></parameter><parameter><code value="path-resource"/><value value="input/profiles"/></parameter><parameter><code value="path-resource"/><value value="input/resources"/></parameter><parameter><code value="path-resource"/><value value="input/vocabulary"/></parameter><parameter><code value="path-resource"/><value value="input/maps"/></parameter><parameter><code value="path-resource"/><value value="input/testing"/></parameter><parameter><code value="path-resource"/><value value="input/history"/></parameter><parameter><code value="path-resource"/><value value="fsh-generated/resources"/></parameter><parameter><code value="path-pages"/><value value="template/config"/></parameter><parameter><code value="path-pages"/><value value="input/images"/></parameter><parameter><code value="path-tx-cache"/><value value="input-cache/txcache"/></parameter></definition></ImplementationGuide>