<?xml version="1.0" encoding="UTF-8"?><ValueSet xmlns="http://hl7.org/fhir"><id value="gen---countries-vs"/><text><status value="generated"/><div xmlns="http://www.w3.org/1999/xhtml"><p class="res-header-id"><b>Generated Narrative: ValueSet gen---countries-vs</b></p><a name="gen---countries-vs"> </a><a name="hcgen---countries-vs"> </a><a name="gen---countries-vs-en-US"> </a><ul><li>Include all codes defined in <a href="CodeSystem-gen---countries-cs.html"><code>http://example.org/CodeSystem/gen---countries-cs</code></a></li></ul></div></text><url value="http://example.org/ValueSet/gen---countries-vs"/><version value="0.1.0"/><name value="GENCountriesVS"/><title value="GEN - Countries value set"/><status value="draft"/><date value="2024-10-04T08:16:56+00:00"/><publisher value="DHIS2"/><contact><name value="DHIS2"/><telecom><system value="url"/><value value="http://dhis2.org/"/></telecom></contact><compose><include><system value="http://example.org/CodeSystem/gen---countries-cs"/></include></compose></ValueSet>