{"resourceType":"CodeSystem","id":"mpox-cs-animal-status-cs","text":{"status":"generated","div":"<div xmlns=\"http://www.w3.org/1999/xhtml\"><p class=\"res-header-id\"><b>Generated Narrative: CodeSystem mpox-cs-animal-status-cs</b></p><a name=\"mpox-cs-animal-status-cs\"> </a><a name=\"hcmpox-cs-animal-status-cs\"> </a><a name=\"mpox-cs-animal-status-cs-en-US\"> </a><p>This  code system <code>http://example.org/CodeSystem/mpox-cs-animal-status-cs</code> defines the following codes:</p><table class=\"codes\"><tr><td style=\"white-space:nowrap\"><b>Code</b></td><td><b>Display</b></td></tr><tr><td style=\"white-space:nowrap\">ALIVE_NO_SIGN_DISEASE<a name=\"mpox-cs-animal-status-cs-ALIVE_NO_SIGN_DISEASE\"> </a></td><td>Alive, with no apparent signs of disease</td></tr><tr><td style=\"white-space:nowrap\">ALIVE_SIGN_DISEASE<a name=\"mpox-cs-animal-status-cs-ALIVE_SIGN_DISEASE\"> </a></td><td>Alive, with signs of diseases</td></tr><tr><td style=\"white-space:nowrap\">KILLED_DEAD<a name=\"mpox-cs-animal-status-cs-KILLED_DEAD\"> </a></td><td>Killed/Dead</td></tr><tr><td style=\"white-space:nowrap\">OTHER<a name=\"mpox-cs-animal-status-cs-OTHER\"> </a></td><td>Other</td></tr></table></div>"},"url":"http://example.org/CodeSystem/mpox-cs-animal-status-cs","version":"0.1.0","name":"MPOXCSAnimalStatusCS","title":"MPOX CS: Animal status","status":"draft","date":"2024-10-04T08:16:56+00:00","publisher":"DHIS2","contact":[{"name":"DHIS2","telecom":[{"system":"url","value":"http://dhis2.org/"}]}],"content":"complete","count":4,"concept":[{"code":"ALIVE_NO_SIGN_DISEASE","display":"Alive, with no apparent signs of disease"},{"code":"ALIVE_SIGN_DISEASE","display":"Alive, with signs of diseases"},{"code":"KILLED_DEAD","display":"Killed/Dead"},{"code":"OTHER","display":"Other"}]}