{"resourceType":"CodeSystem","id":"mpox-cs-viral-load-cs","text":{"status":"generated","div":"<div xmlns=\"http://www.w3.org/1999/xhtml\"><p class=\"res-header-id\"><b>Generated Narrative: CodeSystem mpox-cs-viral-load-cs</b></p><a name=\"mpox-cs-viral-load-cs\"> </a><a name=\"hcmpox-cs-viral-load-cs\"> </a><a name=\"mpox-cs-viral-load-cs-en-US\"> </a><p>This  code system <code>http://example.org/CodeSystem/mpox-cs-viral-load-cs</code> defines the following codes:</p><table class=\"codes\"><tr><td style=\"white-space:nowrap\"><b>Code</b></td><td><b>Display</b></td></tr><tr><td style=\"white-space:nowrap\">UNDETECTABLE<a name=\"mpox-cs-viral-load-cs-UNDETECTABLE\"> </a></td><td>Undetectable</td></tr><tr><td style=\"white-space:nowrap\">DETECTABLE<a name=\"mpox-cs-viral-load-cs-DETECTABLE\"> </a></td><td>Detectable</td></tr><tr><td style=\"white-space:nowrap\">UNKNOWN<a name=\"mpox-cs-viral-load-cs-UNKNOWN\"> </a></td><td>Unknown</td></tr></table></div>"},"url":"http://example.org/CodeSystem/mpox-cs-viral-load-cs","version":"0.1.0","name":"MPOXCSViralLoadCS","title":"MPOX CS: Viral load","status":"draft","date":"2024-10-04T08:16:56+00:00","publisher":"DHIS2","contact":[{"name":"DHIS2","telecom":[{"system":"url","value":"http://dhis2.org/"}]}],"content":"complete","count":3,"concept":[{"code":"UNDETECTABLE","display":"Undetectable"},{"code":"DETECTABLE","display":"Detectable"},{"code":"UNKNOWN","display":"Unknown"}]}