{"resourceType":"CodeSystem","id":"mpox-cs-type-of-contact-forward-tracing-cs","text":{"status":"generated","div":"<div xmlns=\"http://www.w3.org/1999/xhtml\"><p class=\"res-header-id\"><b>Generated Narrative: CodeSystem mpox-cs-type-of-contact-forward-tracing-cs</b></p><a name=\"mpox-cs-type-of-contact-forward-tracing-cs\"> </a><a name=\"hcmpox-cs-type-of-contact-forward-tracing-cs\"> </a><a name=\"mpox-cs-type-of-contact-forward-tracing-cs-en-US\"> </a><p>This  code system <code>http://example.org/CodeSystem/mpox-cs-type-of-contact-forward-tracing-cs</code> defines the following codes:</p><table class=\"codes\"><tr><td style=\"white-space:nowrap\"><b>Code</b></td><td><b>Display</b></td></tr><tr><td style=\"white-space:nowrap\">SEXUAL_INTERCOURSE<a name=\"mpox-cs-type-of-contact-forward-tracing-cs-SEXUAL_INTERCOURSE\"> </a></td><td>Sexual intercourse</td></tr><tr><td style=\"white-space:nowrap\">HOUSEHOLD<a name=\"mpox-cs-type-of-contact-forward-tracing-cs-HOUSEHOLD\"> </a></td><td>Household</td></tr><tr><td style=\"white-space:nowrap\">WORK_SETTING<a name=\"mpox-cs-type-of-contact-forward-tracing-cs-WORK_SETTING\"> </a></td><td>Work setting</td></tr><tr><td style=\"white-space:nowrap\">COMMUNITY<a name=\"mpox-cs-type-of-contact-forward-tracing-cs-COMMUNITY\"> </a></td><td>Community</td></tr><tr><td style=\"white-space:nowrap\">OTHER<a name=\"mpox-cs-type-of-contact-forward-tracing-cs-OTHER\"> </a></td><td>Other</td></tr></table></div>"},"url":"http://example.org/CodeSystem/mpox-cs-type-of-contact-forward-tracing-cs","version":"0.1.0","name":"MPOXCSTypeOfContactForwardTracingCS","title":"MPOX CS: Type of contact (forward tracing)","status":"draft","date":"2024-10-04T08:16:56+00:00","publisher":"DHIS2","contact":[{"name":"DHIS2","telecom":[{"system":"url","value":"http://dhis2.org/"}]}],"content":"complete","count":5,"concept":[{"code":"SEXUAL_INTERCOURSE","display":"Sexual intercourse"},{"code":"HOUSEHOLD","display":"Household"},{"code":"WORK_SETTING","display":"Work setting"},{"code":"COMMUNITY","display":"Community"},{"code":"OTHER","display":"Other"}]}