{"resourceType":"CodeSystem","id":"mpox-cs-clade-mpox-cs","text":{"status":"generated","div":"<div xmlns=\"http://www.w3.org/1999/xhtml\"><p class=\"res-header-id\"><b>Generated Narrative: CodeSystem mpox-cs-clade-mpox-cs</b></p><a name=\"mpox-cs-clade-mpox-cs\"> </a><a name=\"hcmpox-cs-clade-mpox-cs\"> </a><a name=\"mpox-cs-clade-mpox-cs-en-US\"> </a><p>This  code system <code>http://example.org/CodeSystem/mpox-cs-clade-mpox-cs</code> defines the following codes:</p><table class=\"codes\"><tr><td style=\"white-space:nowrap\"><b>Code</b></td><td><b>Display</b></td></tr><tr><td style=\"white-space:nowrap\">CLADE_I_SUBCLADE_UNKNOWN<a name=\"mpox-cs-clade-mpox-cs-CLADE_I_SUBCLADE_UNKNOWN\"> </a></td><td>Clade I (subclade unknown)</td></tr><tr><td style=\"white-space:nowrap\">CLADE_II_SUBCLADE_UNKNOWN<a name=\"mpox-cs-clade-mpox-cs-CLADE_II_SUBCLADE_UNKNOWN\"> </a></td><td>Clade II (subclade unknown)</td></tr><tr><td style=\"white-space:nowrap\">CLADE_I_A<a name=\"mpox-cs-clade-mpox-cs-CLADE_I_A\"> </a></td><td>Clade Ia</td></tr><tr><td style=\"white-space:nowrap\">CLADE_I_B<a name=\"mpox-cs-clade-mpox-cs-CLADE_I_B\"> </a></td><td>Clade Ib</td></tr><tr><td style=\"white-space:nowrap\">CLADE_II_A<a name=\"mpox-cs-clade-mpox-cs-CLADE_II_A\"> </a></td><td>Clade IIa</td></tr><tr><td style=\"white-space:nowrap\">CLADE_II_B_LINEAGES_A<a name=\"mpox-cs-clade-mpox-cs-CLADE_II_B_LINEAGES_A\"> </a></td><td>Clade IIb lineages A</td></tr><tr><td style=\"white-space:nowrap\">CLADE_II_B_LINEAGES_B_1<a name=\"mpox-cs-clade-mpox-cs-CLADE_II_B_LINEAGES_B_1\"> </a></td><td>Clade IIb lineages B.1</td></tr></table></div>"},"url":"http://example.org/CodeSystem/mpox-cs-clade-mpox-cs","version":"0.1.0","name":"MPOXCSCladeMpoxCS","title":"MPOX CS: Clade Mpox","status":"draft","date":"2024-10-04T08:16:56+00:00","publisher":"DHIS2","contact":[{"name":"DHIS2","telecom":[{"system":"url","value":"http://dhis2.org/"}]}],"content":"complete","count":7,"concept":[{"code":"CLADE_I_SUBCLADE_UNKNOWN","display":"Clade I (subclade unknown)"},{"code":"CLADE_II_SUBCLADE_UNKNOWN","display":"Clade II (subclade unknown)"},{"code":"CLADE_I_A","display":"Clade Ia"},{"code":"CLADE_I_B","display":"Clade Ib"},{"code":"CLADE_II_A","display":"Clade IIa"},{"code":"CLADE_II_B_LINEAGES_A","display":"Clade IIb lineages A"},{"code":"CLADE_II_B_LINEAGES_B_1","display":"Clade IIb lineages B.1"}]}