{"resourceType":"CodeSystem","id":"mpox-cs-pregnancy-status-cs","text":{"status":"generated","div":"<div xmlns=\"http://www.w3.org/1999/xhtml\"><p class=\"res-header-id\"><b>Generated Narrative: CodeSystem mpox-cs-pregnancy-status-cs</b></p><a name=\"mpox-cs-pregnancy-status-cs\"> </a><a name=\"hcmpox-cs-pregnancy-status-cs\"> </a><a name=\"mpox-cs-pregnancy-status-cs-en-US\"> </a><p>This  code system <code>http://example.org/CodeSystem/mpox-cs-pregnancy-status-cs</code> defines the following codes:</p><table class=\"codes\"><tr><td style=\"white-space:nowrap\"><b>Code</b></td><td><b>Display</b></td></tr><tr><td style=\"white-space:nowrap\">YES_TRIMESTER_UNKNOWN<a name=\"mpox-cs-pregnancy-status-cs-YES_TRIMESTER_UNKNOWN\"> </a></td><td>Yes - Trimester unknown</td></tr><tr><td style=\"white-space:nowrap\">YES_1ST_TRIMESTER<a name=\"mpox-cs-pregnancy-status-cs-YES_1ST_TRIMESTER\"> </a></td><td>Yes - 1st trimester</td></tr><tr><td style=\"white-space:nowrap\">YES_2ND_TRIMESTER<a name=\"mpox-cs-pregnancy-status-cs-YES_2ND_TRIMESTER\"> </a></td><td>Yes - 2nd trimester</td></tr><tr><td style=\"white-space:nowrap\">YES_3RD_TRIMESTER<a name=\"mpox-cs-pregnancy-status-cs-YES_3RD_TRIMESTER\"> </a></td><td>Yes - 3rd trimester</td></tr><tr><td style=\"white-space:nowrap\">POST_PARTUM_LESS_6_WEEKS<a name=\"mpox-cs-pregnancy-status-cs-POST_PARTUM_LESS_6_WEEKS\"> </a></td><td>Post-partum (&amp;lt;6 weeks)</td></tr><tr><td style=\"white-space:nowrap\">NO<a name=\"mpox-cs-pregnancy-status-cs-NO\"> </a></td><td>No</td></tr><tr><td style=\"white-space:nowrap\">UNKNOWN<a name=\"mpox-cs-pregnancy-status-cs-UNKNOWN\"> </a></td><td>Unknown</td></tr></table></div>"},"url":"http://example.org/CodeSystem/mpox-cs-pregnancy-status-cs","version":"0.1.0","name":"MPOXCSPregnancyStatusCS","title":"MPOX CS: Pregnancy status","status":"draft","date":"2024-10-04T08:16:56+00:00","publisher":"DHIS2","contact":[{"name":"DHIS2","telecom":[{"system":"url","value":"http://dhis2.org/"}]}],"content":"complete","count":7,"concept":[{"code":"YES_TRIMESTER_UNKNOWN","display":"Yes - Trimester unknown"},{"code":"YES_1ST_TRIMESTER","display":"Yes - 1st trimester"},{"code":"YES_2ND_TRIMESTER","display":"Yes - 2nd trimester"},{"code":"YES_3RD_TRIMESTER","display":"Yes - 3rd trimester"},{"code":"POST_PARTUM_LESS_6_WEEKS","display":"Post-partum (&lt;6 weeks)"},{"code":"NO","display":"No"},{"code":"UNKNOWN","display":"Unknown"}]}