{"resourceType":"CodeSystem","id":"mpox-cs-result-sample-cs","text":{"status":"generated","div":"<div xmlns=\"http://www.w3.org/1999/xhtml\"><p class=\"res-header-id\"><b>Generated Narrative: CodeSystem mpox-cs-result-sample-cs</b></p><a name=\"mpox-cs-result-sample-cs\"> </a><a name=\"hcmpox-cs-result-sample-cs\"> </a><a name=\"mpox-cs-result-sample-cs-en-US\"> </a><p>This  code system <code>http://example.org/CodeSystem/mpox-cs-result-sample-cs</code> defines the following codes:</p><table class=\"codes\"><tr><td style=\"white-space:nowrap\"><b>Code</b></td><td><b>Display</b></td></tr><tr><td style=\"white-space:nowrap\">POSITIVE<a name=\"mpox-cs-result-sample-cs-POSITIVE\"> </a></td><td>Positive</td></tr><tr><td style=\"white-space:nowrap\">NEGATIVE<a name=\"mpox-cs-result-sample-cs-NEGATIVE\"> </a></td><td>Negative</td></tr><tr><td style=\"white-space:nowrap\">INCONCLUSIVE<a name=\"mpox-cs-result-sample-cs-INCONCLUSIVE\"> </a></td><td>Inconclusive</td></tr><tr><td style=\"white-space:nowrap\">UNKNOWN<a name=\"mpox-cs-result-sample-cs-UNKNOWN\"> </a></td><td>Unknown</td></tr></table></div>"},"url":"http://example.org/CodeSystem/mpox-cs-result-sample-cs","version":"0.1.0","name":"MPOXCSResultSampleCS","title":"MPOX CS: Result sample","status":"draft","date":"2024-10-04T08:16:56+00:00","publisher":"DHIS2","contact":[{"name":"DHIS2","telecom":[{"system":"url","value":"http://dhis2.org/"}]}],"content":"complete","count":4,"concept":[{"code":"POSITIVE","display":"Positive"},{"code":"NEGATIVE","display":"Negative"},{"code":"INCONCLUSIVE","display":"Inconclusive"},{"code":"UNKNOWN","display":"Unknown"}]}