{
  "resourceType" : "CodeSystem",
  "id" : "mpox-cs-sex-cs",
  "text" : {
    "status" : "generated",
    "div" : "<div xmlns=\"http://www.w3.org/1999/xhtml\"><p class=\"res-header-id\"><b>Generated Narrative: CodeSystem mpox-cs-sex-cs</b></p><a name=\"mpox-cs-sex-cs\"> </a><a name=\"hcmpox-cs-sex-cs\"> </a><a name=\"mpox-cs-sex-cs-en-US\"> </a><p>This  code system <code>http://example.org/CodeSystem/mpox-cs-sex-cs</code> defines the following codes:</p><table class=\"codes\"><tr><td style=\"white-space:nowrap\"><b>Code</b></td><td><b>Display</b></td></tr><tr><td style=\"white-space:nowrap\">FEMALE<a name=\"mpox-cs-sex-cs-FEMALE\"> </a></td><td>Female</td></tr><tr><td style=\"white-space:nowrap\">MALE<a name=\"mpox-cs-sex-cs-MALE\"> </a></td><td>Male</td></tr><tr><td style=\"white-space:nowrap\">OTHER<a name=\"mpox-cs-sex-cs-OTHER\"> </a></td><td>Other</td></tr><tr><td style=\"white-space:nowrap\">UNKNOWN<a name=\"mpox-cs-sex-cs-UNKNOWN\"> </a></td><td>Unknown</td></tr></table></div>"
  },
  "url" : "http://example.org/CodeSystem/mpox-cs-sex-cs",
  "version" : "0.1.0",
  "name" : "MPOXCSSexCS",
  "title" : "MPOX CS: Sex",
  "status" : "draft",
  "date" : "2024-10-04T08:16:56+00:00",
  "publisher" : "DHIS2",
  "contact" : [{
    "name" : "DHIS2",
    "telecom" : [{
      "system" : "url",
      "value" : "http://dhis2.org/"
    }]
  }],
  "content" : "complete",
  "count" : 4,
  "concept" : [{
    "code" : "FEMALE",
    "display" : "Female"
  },
  {
    "code" : "MALE",
    "display" : "Male"
  },
  {
    "code" : "OTHER",
    "display" : "Other"
  },
  {
    "code" : "UNKNOWN",
    "display" : "Unknown"
  }]
}